x-axis,1,2
second,Volt,Volt
-10.000000E+00,,
-9.995000E+00,,
-9.990000E+00,,
-9.985000E+00,+800.503E-03,+900.628E-03
-9.980000E+00,+744.221E-03,+771.985E-03
-9.975000E+00,+623.618E-03,+723.744E-03
-9.970000E+00,+583.417E-03,+643.342E-03
-9.965000E+00,+559.296E-03,+562.940E-03
-9.960000E+00,+511.055E-03,+562.940E-03
-9.955000E+00,+503.015E-03,+562.940E-03
-9.950000E+00,+462.814E-03,+522.739E-03
-9.945000E+00,+543.216E-03,+570.980E-03
-9.940000E+00,+559.296E-03,+627.261E-03
-9.935000E+00,+583.417E-03,+691.583E-03
-9.930000E+00,+687.940E-03,+691.583E-03
-9.925000E+00,+744.221E-03,+763.945E-03
-9.920000E+00,+784.422E-03,+876.507E-03
-9.915000E+00,+800.503E-03,+900.628E-03
-9.910000E+00,+905.025E-03,+964.950E-03
-9.905000E+00,+985.427E-03,+1.053392E+00
-9.900000E+00,+1.025628E+00,+1.165955E+00
-9.895000E+00,+1.146231E+00,+1.182035E+00
-9.890000E+00,+1.258794E+00,+1.262437E+00
-9.885000E+00,+1.411558E+00,+1.326759E+00
-9.880000E+00,+1.467839E+00,+1.407161E+00
-9.875000E+00,+1.628643E+00,+1.487563E+00
-9.870000E+00,+1.717085E+00,+1.527764E+00
-9.865000E+00,+1.902010E+00,+1.608166E+00
-9.860000E+00,+1.974372E+00,+1.624246E+00
-9.855000E+00,+2.151256E+00,+1.648367E+00
-9.850000E+00,+2.231658E+00,+1.648367E+00
-9.845000E+00,+2.312060E+00,+1.576005E+00
-9.840000E+00,+2.352261E+00,+1.648367E+00
-9.835000E+00,+2.408543E+00,+1.664447E+00
-9.830000E+00,+2.432663E+00,+1.648367E+00
-9.825000E+00,+2.472864E+00,+1.648367E+00
-9.820000E+00,+2.513065E+00,+1.648367E+00
-9.815000E+00,+2.529146E+00,+1.632286E+00
-9.810000E+00,+2.529146E+00,+1.608166E+00
-9.805000E+00,+2.448744E+00,+1.648367E+00
-9.800000E+00,+2.472864E+00,+1.567965E+00
-9.795000E+00,+2.416583E+00,+1.616206E+00
-9.790000E+00,+2.368342E+00,+1.608166E+00
-9.785000E+00,+2.336181E+00,+1.632286E+00
-9.780000E+00,+2.304020E+00,+1.648367E+00
-9.775000E+00,+2.191457E+00,+1.648367E+00
-9.770000E+00,+2.094975E+00,+1.648367E+00
-9.765000E+00,+1.998492E+00,+1.592085E+00
-9.760000E+00,+1.885930E+00,+1.584045E+00
-9.755000E+00,+1.789447E+00,+1.567965E+00
-9.750000E+00,+1.628643E+00,+1.487563E+00
-9.745000E+00,+1.532161E+00,+1.045352E+00
-9.740000E+00,+1.387437E+00,+1.375000E+00
-9.735000E+00,+1.323116E+00,+1.286558E+00
-9.730000E+00,+1.226633E+00,+1.214196E+00
-9.725000E+00,+1.106030E+00,+1.165955E+00
-9.720000E+00,+1.033668E+00,+1.077512E+00
-9.715000E+00,+945.226E-03,+1.013191E+00
-9.710000E+00,+880.905E-03,+948.869E-03
-9.705000E+00,+792.462E-03,+860.427E-03
-9.700000E+00,+784.422E-03,+844.347E-03
-9.695000E+00,+744.221E-03,+804.146E-03
-9.690000E+00,+728.141E-03,+780.025E-03
-9.685000E+00,+728.141E-03,+747.864E-03
-9.680000E+00,+736.181E-03,+771.985E-03
-9.675000E+00,+744.221E-03,+804.146E-03
-9.670000E+00,+808.543E-03,+844.347E-03
-9.665000E+00,+824.623E-03,+844.347E-03
-9.660000E+00,+888.945E-03,+900.628E-03
-9.655000E+00,+905.025E-03,+956.909E-03
-9.650000E+00,+985.427E-03,+1.045352E+00
-9.645000E+00,+1.057789E+00,+1.101633E+00
-9.640000E+00,+1.114070E+00,+1.165955E+00
-9.635000E+00,+1.194472E+00,+1.246357E+00
-9.630000E+00,+1.258794E+00,+1.318719E+00
-9.625000E+00,+1.307035E+00,+1.366960E+00
-9.620000E+00,+1.475879E+00,+1.479523E+00
-9.615000E+00,+1.604523E+00,+1.431281E+00
-9.610000E+00,+1.717085E+00,+1.535804E+00
-9.605000E+00,+1.829648E+00,+1.576005E+00
-9.600000E+00,+1.950251E+00,+1.567965E+00
-9.595000E+00,+2.038693E+00,+1.616206E+00
-9.590000E+00,+2.151256E+00,+1.608166E+00
-9.585000E+00,+2.207538E+00,+1.648367E+00
-9.580000E+00,+2.312060E+00,+1.592085E+00
-9.575000E+00,+2.352261E+00,+1.648367E+00
-9.570000E+00,+2.392462E+00,+1.640327E+00
-9.565000E+00,+2.432663E+00,+1.608166E+00
-9.560000E+00,+2.432663E+00,+1.632286E+00
-9.555000E+00,+2.472864E+00,+1.616206E+00
-9.550000E+00,+2.513065E+00,+1.608166E+00
-9.545000E+00,+2.505025E+00,+1.608166E+00
-9.540000E+00,+2.432663E+00,+1.632286E+00
-9.535000E+00,+2.408543E+00,+1.648367E+00
-9.530000E+00,+2.328141E+00,+1.648367E+00
-9.525000E+00,+2.312060E+00,+1.648367E+00
-9.520000E+00,+2.312060E+00,+1.648367E+00
-9.515000E+00,+2.255779E+00,+1.624246E+00
-9.510000E+00,+2.207538E+00,+1.648367E+00
-9.505000E+00,+2.111055E+00,+1.616206E+00
-9.500000E+00,+1.990452E+00,+1.648367E+00
-9.495000E+00,+1.902010E+00,+1.608166E+00
-9.490000E+00,+1.813568E+00,+1.543844E+00
-9.485000E+00,+1.709045E+00,+1.511683E+00
-9.480000E+00,+1.588442E+00,+1.447362E+00
-9.475000E+00,+1.467839E+00,+1.407161E+00
-9.470000E+00,+1.339196E+00,+1.334799E+00
-9.465000E+00,+1.226633E+00,+1.246357E+00
-9.460000E+00,+1.130151E+00,+1.198116E+00
-9.455000E+00,+1.065829E+00,+1.133794E+00
-9.450000E+00,+985.427E-03,+1.045352E+00
-9.445000E+00,+872.864E-03,+956.909E-03
-9.440000E+00,+824.623E-03,+860.427E-03
-9.435000E+00,+784.422E-03,+804.146E-03
-9.430000E+00,+784.422E-03,+804.146E-03
-9.425000E+00,+744.221E-03,+763.945E-03
-9.420000E+00,+695.980E-03,+763.945E-03
-9.415000E+00,+663.819E-03,+747.864E-03
-9.410000E+00,+728.141E-03,+763.945E-03
-9.405000E+00,+736.181E-03,+804.146E-03
-9.400000E+00,+744.221E-03,+804.146E-03
-9.395000E+00,+784.422E-03,+812.186E-03
-9.390000E+00,+800.503E-03,+884.548E-03
-9.385000E+00,+888.945E-03,+924.749E-03
-9.380000E+00,+937.186E-03,+1.005151E+00
-9.375000E+00,+945.226E-03,+1.045352E+00
-9.370000E+00,+1.033668E+00,+1.125754E+00
-9.365000E+00,+1.146231E+00,+1.182035E+00
-9.360000E+00,+1.250754E+00,+1.230276E+00
-9.355000E+00,+1.298995E+00,+1.310678E+00
-9.350000E+00,+1.347236E+00,+1.366960E+00
-9.345000E+00,+1.516080E+00,+1.407161E+00
-9.340000E+00,+1.668844E+00,+1.447362E+00
-9.335000E+00,+1.781407E+00,+1.527764E+00
-9.330000E+00,+1.829648E+00,+1.567965E+00
-9.325000E+00,+1.990452E+00,+1.567965E+00
-9.320000E+00,+2.119095E+00,+1.648367E+00
-9.315000E+00,+2.207538E+00,+1.624246E+00
-9.310000E+00,+2.271859E+00,+1.648367E+00
-9.305000E+00,+2.279899E+00,+1.640327E+00
-9.300000E+00,+2.312060E+00,+1.567965E+00
-9.295000E+00,+2.400502E+00,+1.608166E+00
-9.290000E+00,+2.368342E+00,+1.608166E+00
-9.285000E+00,+2.416583E+00,+1.648367E+00
-9.280000E+00,+2.400502E+00,+1.616206E+00
-9.275000E+00,+2.432663E+00,+1.608166E+00
-9.270000E+00,+2.392462E+00,+1.608166E+00
-9.265000E+00,+2.392462E+00,+1.640327E+00
-9.260000E+00,+2.328141E+00,+1.648367E+00
-9.255000E+00,+2.279899E+00,+1.648367E+00
-9.250000E+00,+2.312060E+00,+1.648367E+00
-9.245000E+00,+2.143216E+00,+1.640327E+00
-9.240000E+00,+2.111055E+00,+1.616206E+00
-9.235000E+00,+2.006533E+00,+1.624246E+00
-9.230000E+00,+1.910050E+00,+1.567965E+00
-9.225000E+00,+1.829648E+00,+1.527764E+00
-9.220000E+00,+1.660804E+00,+1.447362E+00
-9.215000E+00,+1.556281E+00,+1.431281E+00
-9.210000E+00,+1.379397E+00,+1.342839E+00
-9.205000E+00,+1.242714E+00,+1.302638E+00
-9.200000E+00,+1.186432E+00,+1.246357E+00
-9.195000E+00,+1.097990E+00,+1.157914E+00
-9.190000E+00,+1.033668E+00,+1.085553E+00
-9.185000E+00,+945.226E-03,+981.030E-03
-9.180000E+00,+864.824E-03,+892.588E-03
-9.175000E+00,+744.221E-03,+844.347E-03
-9.170000E+00,+704.020E-03,+796.105E-03
-9.165000E+00,+663.819E-03,+763.945E-03
-9.160000E+00,+623.618E-03,+699.623E-03
-9.155000E+00,+647.739E-03,+651.382E-03
-9.150000E+00,+583.417E-03,+643.342E-03
-9.145000E+00,+623.618E-03,+643.342E-03
-9.140000E+00,+615.578E-03,+683.543E-03
-9.135000E+00,+663.819E-03,+707.663E-03
-9.130000E+00,+704.020E-03,+715.703E-03
-9.125000E+00,+744.221E-03,+763.945E-03
-9.120000E+00,+752.261E-03,+844.347E-03
-9.115000E+00,+840.704E-03,+884.548E-03
-9.110000E+00,+888.945E-03,+948.869E-03
-9.105000E+00,+969.347E-03,+997.110E-03
-9.100000E+00,+1.025628E+00,+1.045352E+00
-9.095000E+00,+1.073869E+00,+1.125754E+00
-9.090000E+00,+1.162312E+00,+1.206156E+00
-9.085000E+00,+1.226633E+00,+1.270477E+00
-9.080000E+00,+1.371357E+00,+1.326759E+00
-9.075000E+00,+1.427638E+00,+1.407161E+00
-9.070000E+00,+1.532161E+00,+1.415201E+00
-9.065000E+00,+1.668844E+00,+1.487563E+00
-9.060000E+00,+1.813568E+00,+1.592085E+00
-9.055000E+00,+1.918090E+00,+1.576005E+00
-9.050000E+00,+2.070854E+00,+1.608166E+00
-9.045000E+00,+2.191457E+00,+1.640327E+00
-9.040000E+00,+2.255779E+00,+1.624246E+00
-9.035000E+00,+2.336181E+00,+1.608166E+00
-9.030000E+00,+2.352261E+00,+1.648367E+00
-9.025000E+00,+2.352261E+00,+1.648367E+00
-9.020000E+00,+2.432663E+00,+1.648367E+00
-9.015000E+00,+2.416583E+00,+1.608166E+00
-9.010000E+00,+2.408543E+00,+1.648367E+00
-9.005000E+00,+2.360301E+00,+1.640327E+00
-9.000000E+00,+2.432663E+00,+1.608166E+00
-8.995000E+00,+2.384422E+00,+1.616206E+00
-8.990000E+00,+2.352261E+00,+1.648367E+00
-8.985000E+00,+2.312060E+00,+1.648367E+00
-8.980000E+00,+2.231658E+00,+1.640327E+00
-8.975000E+00,+2.191457E+00,+1.608166E+00
-8.970000E+00,+2.070854E+00,+1.608166E+00
-8.965000E+00,+2.014573E+00,+1.608166E+00
-8.960000E+00,+1.902010E+00,+1.551884E+00
-8.955000E+00,+1.749246E+00,+1.527764E+00
-8.950000E+00,+1.628643E+00,+1.447362E+00
-8.945000E+00,+1.548241E+00,+1.407161E+00
-8.940000E+00,+1.387437E+00,+1.350879E+00
-8.935000E+00,+1.282915E+00,+1.302638E+00
-8.930000E+00,+1.234673E+00,+1.214196E+00
-8.925000E+00,+1.146231E+00,+1.165955E+00
-8.920000E+00,+1.057789E+00,+1.053392E+00
-8.915000E+00,+961.307E-03,+1.045352E+00
-8.910000E+00,+888.945E-03,+964.950E-03
-8.905000E+00,+832.663E-03,+852.387E-03
-8.900000E+00,+784.422E-03,+844.347E-03
-8.895000E+00,+744.221E-03,+828.266E-03
-8.890000E+00,+704.020E-03,+820.226E-03
-8.885000E+00,+704.020E-03,+788.065E-03
-8.880000E+00,+728.141E-03,+771.985E-03
-8.875000E+00,+704.020E-03,+763.945E-03
-8.870000E+00,+744.221E-03,+804.146E-03
-8.865000E+00,+784.422E-03,+844.347E-03
-8.860000E+00,+784.422E-03,+868.467E-03
-8.855000E+00,+832.663E-03,+916.708E-03
-8.850000E+00,+864.824E-03,+924.749E-03
-8.845000E+00,+953.266E-03,+981.030E-03
-8.840000E+00,+1.017588E+00,+1.085553E+00
-8.835000E+00,+1.089950E+00,+1.125754E+00
-8.830000E+00,+1.170352E+00,+1.198116E+00
-8.825000E+00,+1.186432E+00,+1.246357E+00
-8.820000E+00,+1.307035E+00,+1.334799E+00
-8.815000E+00,+1.419598E+00,+1.366960E+00
-8.810000E+00,+1.491960E+00,+1.431281E+00
-8.805000E+00,+1.620603E+00,+1.487563E+00
-8.800000E+00,+1.789447E+00,+1.527764E+00
-8.795000E+00,+1.918090E+00,+1.600126E+00
-8.790000E+00,+1.990452E+00,+1.584045E+00
-8.785000E+00,+2.111055E+00,+1.632286E+00
-8.780000E+00,+2.191457E+00,+1.608166E+00
-8.775000E+00,+2.271859E+00,+1.608166E+00
-8.770000E+00,+2.352261E+00,+1.648367E+00
-8.765000E+00,+2.352261E+00,+1.608166E+00
-8.760000E+00,+2.416583E+00,+1.632286E+00
-8.755000E+00,+2.392462E+00,+1.648367E+00
-8.750000E+00,+2.432663E+00,+1.648367E+00
-8.745000E+00,+2.464824E+00,+1.640327E+00
-8.740000E+00,+2.432663E+00,+1.648367E+00
-8.735000E+00,+2.432663E+00,+1.632286E+00
-8.730000E+00,+2.360301E+00,+1.608166E+00
-8.725000E+00,+2.352261E+00,+1.608166E+00
-8.720000E+00,+2.304020E+00,+1.584045E+00
-8.715000E+00,+2.255779E+00,+1.624246E+00
-8.710000E+00,+2.191457E+00,+1.624246E+00
-8.705000E+00,+2.159296E+00,+1.640327E+00
-8.700000E+00,+2.030653E+00,+1.608166E+00
-8.695000E+00,+1.950251E+00,+1.600126E+00
-8.690000E+00,+1.853769E+00,+1.551884E+00
-8.685000E+00,+1.741206E+00,+1.527764E+00
-8.680000E+00,+1.628643E+00,+1.479523E+00
-8.675000E+00,+1.467839E+00,+1.407161E+00
-8.670000E+00,+1.339196E+00,+1.358920E+00
-8.665000E+00,+1.226633E+00,+1.310678E+00
-8.660000E+00,+1.162312E+00,+1.222236E+00
-8.655000E+00,+1.106030E+00,+1.133794E+00
-8.650000E+00,+1.025628E+00,+1.045352E+00
-8.645000E+00,+937.186E-03,+972.990E-03
-8.640000E+00,+888.945E-03,+924.749E-03
-8.635000E+00,+848.744E-03,+884.548E-03
-8.630000E+00,+752.261E-03,+812.186E-03
-8.625000E+00,+744.221E-03,+763.945E-03
-8.620000E+00,+704.020E-03,+788.065E-03
-8.615000E+00,+712.060E-03,+739.824E-03
-8.610000E+00,+720.100E-03,+747.864E-03
-8.605000E+00,+704.020E-03,+796.105E-03
-8.600000E+00,+744.221E-03,+804.146E-03
-8.595000E+00,+784.422E-03,+820.226E-03
-8.590000E+00,+784.422E-03,+844.347E-03
-8.585000E+00,+864.824E-03,+908.668E-03
-8.580000E+00,+937.186E-03,+956.909E-03
-8.575000E+00,+985.427E-03,+1.045352E+00
-8.570000E+00,+1.033668E+00,+1.093593E+00
-8.565000E+00,+1.097990E+00,+1.141834E+00
-8.560000E+00,+1.194472E+00,+1.230276E+00
-8.555000E+00,+1.226633E+00,+1.286558E+00
-8.550000E+00,+1.387437E+00,+1.326759E+00
-8.545000E+00,+1.427638E+00,+1.375000E+00
-8.540000E+00,+1.540201E+00,+1.463442E+00
-8.535000E+00,+1.628643E+00,+1.511683E+00
-8.530000E+00,+1.781407E+00,+1.559925E+00
-8.525000E+00,+1.869849E+00,+1.608166E+00
-8.520000E+00,+1.958291E+00,+1.648367E+00
-8.515000E+00,+2.046734E+00,+1.608166E+00
-8.510000E+00,+2.135176E+00,+1.608166E+00
-8.505000E+00,+2.223618E+00,+1.648367E+00
-8.500000E+00,+2.271859E+00,+1.648367E+00
-8.495000E+00,+2.344221E+00,+1.648367E+00
-8.490000E+00,+2.368342E+00,+1.624246E+00
-8.485000E+00,+2.392462E+00,+1.624246E+00
-8.480000E+00,+2.416583E+00,+1.672487E+00
-8.475000E+00,+2.392462E+00,+1.567965E+00
-8.470000E+00,+2.392462E+00,+1.648367E+00
-8.465000E+00,+2.392462E+00,+1.648367E+00
-8.460000E+00,+2.336181E+00,+1.632286E+00
-8.455000E+00,+2.352261E+00,+1.648367E+00
-8.450000E+00,+2.271859E+00,+1.608166E+00
-8.445000E+00,+2.191457E+00,+1.656407E+00
-8.440000E+00,+2.175377E+00,+1.648367E+00
-8.435000E+00,+2.135176E+00,+1.624246E+00
-8.430000E+00,+2.038693E+00,+1.616206E+00
-8.425000E+00,+1.950251E+00,+1.648367E+00
-8.420000E+00,+1.893970E+00,+1.608166E+00
-8.415000E+00,+1.765327E+00,+1.567965E+00
-8.410000E+00,+1.709045E+00,+1.543844E+00
-8.405000E+00,+1.636683E+00,+1.519724E+00
-8.400000E+00,+1.548241E+00,+1.407161E+00
-8.395000E+00,+1.459799E+00,+1.431281E+00
-8.390000E+00,+1.371357E+00,+1.366960E+00
-8.385000E+00,+1.282915E+00,+1.326759E+00
-8.380000E+00,+1.266834E+00,+1.286558E+00
-8.375000E+00,+1.146231E+00,+1.206156E+00
-8.370000E+00,+1.114070E+00,+1.206156E+00
-8.365000E+00,+1.089950E+00,+1.149874E+00
-8.360000E+00,+1.065829E+00,+1.125754E+00
-8.355000E+00,+1.025628E+00,+1.061432E+00
-8.350000E+00,+905.025E-03,+1.005151E+00
-8.345000E+00,+937.186E-03,+997.110E-03
-8.340000E+00,+905.025E-03,+989.070E-03
-8.335000E+00,+896.985E-03,+989.070E-03
-8.330000E+00,+913.065E-03,+997.110E-03
-8.325000E+00,+945.226E-03,+964.950E-03
-8.320000E+00,+945.226E-03,+981.030E-03
-8.315000E+00,+945.226E-03,+1.005151E+00
-8.310000E+00,+985.427E-03,+1.021231E+00
-8.305000E+00,+985.427E-03,+1.085553E+00
-8.300000E+00,+1.025628E+00,+1.125754E+00
-8.295000E+00,+1.065829E+00,+1.125754E+00
-8.290000E+00,+1.106030E+00,+1.165955E+00
-8.285000E+00,+1.210553E+00,+1.206156E+00
-8.280000E+00,+1.194472E+00,+1.270477E+00
-8.275000E+00,+1.266834E+00,+1.286558E+00
-8.270000E+00,+1.347236E+00,+1.375000E+00
-8.265000E+00,+1.387437E+00,+1.407161E+00
-8.260000E+00,+1.516080E+00,+1.447362E+00
-8.255000E+00,+1.548241E+00,+1.455402E+00
-8.250000E+00,+1.668844E+00,+1.487563E+00
-8.245000E+00,+1.757286E+00,+1.543844E+00
-8.240000E+00,+1.853769E+00,+1.584045E+00
-8.235000E+00,+1.926131E+00,+1.608166E+00
-8.230000E+00,+2.030653E+00,+1.616206E+00
-8.225000E+00,+2.070854E+00,+1.608166E+00
-8.220000E+00,+2.183417E+00,+1.608166E+00
-8.215000E+00,+2.167337E+00,+1.624246E+00
-8.210000E+00,+2.231658E+00,+1.632286E+00
-8.205000E+00,+2.231658E+00,+1.672487E+00
-8.200000E+00,+2.271859E+00,+1.648367E+00
-8.195000E+00,+2.304020E+00,+1.616206E+00
-8.190000E+00,+2.279899E+00,+1.648367E+00
-8.185000E+00,+2.247739E+00,+1.632286E+00
-8.180000E+00,+2.199497E+00,+1.640327E+00
-8.175000E+00,+2.151256E+00,+1.648367E+00
-8.170000E+00,+2.183417E+00,+1.648367E+00
-8.165000E+00,+2.111055E+00,+1.648367E+00
-8.160000E+00,+2.062814E+00,+1.632286E+00
-8.155000E+00,+1.998492E+00,+1.648367E+00
-8.150000E+00,+1.910050E+00,+1.608166E+00
-8.145000E+00,+1.789447E+00,+1.600126E+00
-8.140000E+00,+1.725126E+00,+1.567965E+00
-8.135000E+00,+1.644724E+00,+1.487563E+00
-8.130000E+00,+1.556281E+00,+1.487563E+00
-8.125000E+00,+1.467839E+00,+1.447362E+00
-8.120000E+00,+1.419598E+00,+1.366960E+00
-8.115000E+00,+1.307035E+00,+1.342839E+00
-8.110000E+00,+1.226633E+00,+1.326759E+00
-8.105000E+00,+1.218593E+00,+1.246357E+00
-8.100000E+00,+1.146231E+00,+1.206156E+00
-8.095000E+00,+1.138191E+00,+1.165955E+00
-8.090000E+00,+1.089950E+00,+1.125754E+00
-8.085000E+00,+1.017588E+00,+1.101633E+00
-8.080000E+00,+961.307E-03,+1.045352E+00
-8.075000E+00,+985.427E-03,+1.005151E+00
-8.070000E+00,+945.226E-03,+972.990E-03
-8.065000E+00,+929.146E-03,+964.950E-03
-8.060000E+00,+921.106E-03,+964.950E-03
-8.055000E+00,+913.065E-03,+1.005151E+00
-8.050000E+00,+945.226E-03,+1.005151E+00
-8.045000E+00,+945.226E-03,+1.005151E+00
-8.040000E+00,+985.427E-03,+1.021231E+00
-8.035000E+00,+1.041709E+00,+1.085553E+00
-8.030000E+00,+1.065829E+00,+1.125754E+00
-8.025000E+00,+1.106030E+00,+1.165955E+00
-8.020000E+00,+1.194472E+00,+1.198116E+00
-8.015000E+00,+1.162312E+00,+1.222236E+00
-8.010000E+00,+1.210553E+00,+1.270477E+00
-8.005000E+00,+1.258794E+00,+1.286558E+00
-8.000000E+00,+1.307035E+00,+1.366960E+00
-7.995000E+00,+1.355276E+00,+1.366960E+00
-7.990000E+00,+1.443719E+00,+1.407161E+00
-7.985000E+00,+1.516080E+00,+1.487563E+00
-7.980000E+00,+1.588442E+00,+1.479523E+00
-7.975000E+00,+1.668844E+00,+1.527764E+00
-7.970000E+00,+1.749246E+00,+1.527764E+00
-7.965000E+00,+1.829648E+00,+1.592085E+00
-7.960000E+00,+1.926131E+00,+1.592085E+00
-7.955000E+00,+1.998492E+00,+1.648367E+00
-7.950000E+00,+2.070854E+00,+1.648367E+00
-7.945000E+00,+2.046734E+00,+1.672487E+00
-7.940000E+00,+2.167337E+00,+1.608166E+00
-7.935000E+00,+2.191457E+00,+1.648367E+00
-7.930000E+00,+2.199497E+00,+1.648367E+00
-7.925000E+00,+2.231658E+00,+1.648367E+00
-7.920000E+00,+2.263819E+00,+1.648367E+00
-7.915000E+00,+2.271859E+00,+1.648367E+00
-7.910000E+00,+2.247739E+00,+1.648367E+00
-7.905000E+00,+2.263819E+00,+1.648367E+00
-7.900000E+00,+2.231658E+00,+1.648367E+00
-7.895000E+00,+2.183417E+00,+1.688568E+00
-7.890000E+00,+2.151256E+00,+1.624246E+00
-7.885000E+00,+2.111055E+00,+1.648367E+00
-7.880000E+00,+2.030653E+00,+1.616206E+00
-7.875000E+00,+1.950251E+00,+1.608166E+00
-7.870000E+00,+1.893970E+00,+1.576005E+00
-7.865000E+00,+1.789447E+00,+1.567965E+00
-7.860000E+00,+1.692965E+00,+1.519724E+00
-7.855000E+00,+1.596482E+00,+1.487563E+00
-7.850000E+00,+1.508040E+00,+1.447362E+00
-7.845000E+00,+1.483920E+00,+1.407161E+00
-7.840000E+00,+1.355276E+00,+1.350879E+00
-7.835000E+00,+1.258794E+00,+1.302638E+00
-7.830000E+00,+1.194472E+00,+1.286558E+00
-7.825000E+00,+1.146231E+00,+1.206156E+00
-7.820000E+00,+1.106030E+00,+1.165955E+00
-7.815000E+00,+1.089950E+00,+1.125754E+00
-7.810000E+00,+1.025628E+00,+1.045352E+00
-7.805000E+00,+977.387E-03,+1.037311E+00
-7.800000E+00,+945.226E-03,+1.005151E+00
-7.795000E+00,+937.186E-03,+972.990E-03
-7.790000E+00,+905.025E-03,+964.950E-03
-7.785000E+00,+905.025E-03,+924.749E-03
-7.780000E+00,+905.025E-03,+964.950E-03
-7.775000E+00,+905.025E-03,+964.950E-03
-7.770000E+00,+1.009548E+00,+1.005151E+00
-7.765000E+00,+937.186E-03,+997.110E-03
-7.760000E+00,+985.427E-03,+1.029271E+00
-7.755000E+00,+1.025628E+00,+1.077512E+00
-7.750000E+00,+1.065829E+00,+1.085553E+00
-7.745000E+00,+1.114070E+00,+1.165955E+00
-7.740000E+00,+1.162312E+00,+1.222236E+00
-7.735000E+00,+1.170352E+00,+1.254397E+00
-7.730000E+00,+1.250754E+00,+1.278518E+00
-7.725000E+00,+1.307035E+00,+1.326759E+00
-7.720000E+00,+1.355276E+00,+1.375000E+00
-7.715000E+00,+1.443719E+00,+1.447362E+00
-7.710000E+00,+1.572362E+00,+1.447362E+00
-7.705000E+00,+1.660804E+00,+1.479523E+00
-7.700000E+00,+1.749246E+00,+1.527764E+00
-7.695000E+00,+1.861809E+00,+1.567965E+00
-7.690000E+00,+1.893970E+00,+1.624246E+00
-7.685000E+00,+2.006533E+00,+1.608166E+00
-7.680000E+00,+2.070854E+00,+1.648367E+00
-7.675000E+00,+2.151256E+00,+1.648367E+00
-7.670000E+00,+2.183417E+00,+1.616206E+00
-7.665000E+00,+2.231658E+00,+1.648367E+00
-7.660000E+00,+2.247739E+00,+1.624246E+00
-7.655000E+00,+2.271859E+00,+1.648367E+00
-7.650000E+00,+2.271859E+00,+1.648367E+00
-7.645000E+00,+2.312060E+00,+1.640327E+00
-7.640000E+00,+2.271859E+00,+1.624246E+00
-7.635000E+00,+2.271859E+00,+1.632286E+00
-7.630000E+00,+2.199497E+00,+1.648367E+00
-7.625000E+00,+2.151256E+00,+1.648367E+00
-7.620000E+00,+2.151256E+00,+1.656407E+00
-7.615000E+00,+2.111055E+00,+1.648367E+00
-7.610000E+00,+2.006533E+00,+1.608166E+00
-7.605000E+00,+1.950251E+00,+1.608166E+00
-7.600000E+00,+1.869849E+00,+1.527764E+00
-7.595000E+00,+1.749246E+00,+1.527764E+00
-7.590000E+00,+1.692965E+00,+1.511683E+00
-7.585000E+00,+1.580402E+00,+1.463442E+00
-7.580000E+00,+1.483920E+00,+1.415201E+00
-7.575000E+00,+1.427638E+00,+1.366960E+00
-7.570000E+00,+1.331156E+00,+1.310678E+00
-7.565000E+00,+1.250754E+00,+1.286558E+00
-7.560000E+00,+1.186432E+00,+1.222236E+00
-7.555000E+00,+1.114070E+00,+1.173995E+00
-7.550000E+00,+1.106030E+00,+1.125754E+00
-7.545000E+00,+1.017588E+00,+1.045352E+00
-7.540000E+00,+969.347E-03,+1.045352E+00
-7.535000E+00,+921.106E-03,+981.030E-03
-7.530000E+00,+872.864E-03,+964.950E-03
-7.525000E+00,+864.824E-03,+924.749E-03
-7.520000E+00,+896.985E-03,+924.749E-03
-7.515000E+00,+888.945E-03,+924.749E-03
-7.510000E+00,+921.106E-03,+924.749E-03
-7.505000E+00,+905.025E-03,+932.789E-03
-7.500000E+00,+905.025E-03,+964.950E-03
-7.495000E+00,+913.065E-03,+972.990E-03
-7.490000E+00,+985.427E-03,+1.029271E+00
-7.485000E+00,+1.073869E+00,+1.109673E+00
-7.480000E+00,+1.065829E+00,+1.125754E+00
-7.475000E+00,+1.146231E+00,+1.206156E+00
-7.470000E+00,+1.154271E+00,+1.214196E+00
-7.465000E+00,+1.266834E+00,+1.262437E+00
-7.460000E+00,+1.347236E+00,+1.326759E+00
-7.455000E+00,+1.427638E+00,+1.366960E+00
-7.450000E+00,+1.588442E+00,+1.407161E+00
-7.445000E+00,+1.628643E+00,+1.487563E+00
-7.440000E+00,+1.709045E+00,+1.487563E+00
-7.435000E+00,+1.829648E+00,+1.551884E+00
-7.430000E+00,+1.934171E+00,+1.567965E+00
-7.425000E+00,+2.030653E+00,+1.608166E+00
-7.420000E+00,+2.127136E+00,+1.640327E+00
-7.415000E+00,+2.191457E+00,+1.648367E+00
-7.410000E+00,+2.231658E+00,+1.608166E+00
-7.405000E+00,+2.271859E+00,+1.648367E+00
-7.400000E+00,+2.271859E+00,+1.648367E+00
-7.395000E+00,+2.312060E+00,+1.640327E+00
-7.390000E+00,+2.336181E+00,+1.624246E+00
-7.385000E+00,+2.328141E+00,+1.624246E+00
-7.380000E+00,+2.352261E+00,+1.608166E+00
-7.375000E+00,+2.312060E+00,+1.608166E+00
-7.370000E+00,+2.312060E+00,+1.616206E+00
-7.365000E+00,+2.295980E+00,+1.632286E+00
-7.360000E+00,+2.271859E+00,+1.648367E+00
-7.355000E+00,+2.271859E+00,+1.640327E+00
-7.350000E+00,+2.231658E+00,+1.608166E+00
-7.345000E+00,+2.159296E+00,+1.616206E+00
-7.340000E+00,+2.086935E+00,+1.608166E+00
-7.335000E+00,+2.006533E+00,+1.608166E+00
-7.330000E+00,+1.853769E+00,+1.567965E+00
-7.325000E+00,+1.789447E+00,+1.527764E+00
-7.320000E+00,+1.628643E+00,+1.479523E+00
-7.315000E+00,+1.572362E+00,+1.431281E+00
-7.310000E+00,+1.427638E+00,+1.391080E+00
-7.305000E+00,+1.323116E+00,+1.326759E+00
-7.300000E+00,+1.226633E+00,+1.246357E+00
-7.295000E+00,+1.146231E+00,+1.198116E+00
-7.290000E+00,+1.065829E+00,+1.133794E+00
-7.285000E+00,+1.009548E+00,+1.037311E+00
-7.280000E+00,+905.025E-03,+972.990E-03
-7.275000E+00,+864.824E-03,+924.749E-03
-7.270000E+00,+824.623E-03,+876.507E-03
-7.265000E+00,+760.301E-03,+844.347E-03
-7.260000E+00,+800.503E-03,+820.226E-03
-7.255000E+00,+744.221E-03,+796.105E-03
-7.250000E+00,+784.422E-03,+804.146E-03
-7.245000E+00,+776.382E-03,+836.306E-03
-7.240000E+00,+744.221E-03,+844.347E-03
-7.235000E+00,+808.543E-03,+868.467E-03
-7.230000E+00,+824.623E-03,+884.548E-03
-7.225000E+00,+864.824E-03,+884.548E-03
-7.220000E+00,+864.824E-03,+964.950E-03
-7.215000E+00,+945.226E-03,+981.030E-03
-7.210000E+00,+1.009548E+00,+1.069472E+00
-7.205000E+00,+1.065829E+00,+1.117713E+00
-7.200000E+00,+1.106030E+00,+1.165955E+00
-7.195000E+00,+1.154271E+00,+1.238317E+00
-7.190000E+00,+1.242714E+00,+1.286558E+00
-7.185000E+00,+1.387437E+00,+1.326759E+00
-7.180000E+00,+1.451759E+00,+1.399121E+00
-7.175000E+00,+1.588442E+00,+1.447362E+00
-7.170000E+00,+1.644724E+00,+1.519724E+00
-7.165000E+00,+1.829648E+00,+1.519724E+00
-7.160000E+00,+1.910050E+00,+1.592085E+00
-7.155000E+00,+2.046734E+00,+1.648367E+00
-7.150000E+00,+2.111055E+00,+1.648367E+00
-7.145000E+00,+2.167337E+00,+1.608166E+00
-7.140000E+00,+2.247739E+00,+1.648367E+00
-7.135000E+00,+2.295980E+00,+1.608166E+00
-7.130000E+00,+2.320100E+00,+1.616206E+00
-7.125000E+00,+2.352261E+00,+1.608166E+00
-7.120000E+00,+2.392462E+00,+1.608166E+00
-7.115000E+00,+2.384422E+00,+1.664447E+00
-7.110000E+00,+2.376382E+00,+1.632286E+00
-7.105000E+00,+2.416583E+00,+1.640327E+00
-7.100000E+00,+2.392462E+00,+1.608166E+00
-7.095000E+00,+2.304020E+00,+1.608166E+00
-7.090000E+00,+2.295980E+00,+1.624246E+00
-7.085000E+00,+2.279899E+00,+1.624246E+00
-7.080000E+00,+2.223618E+00,+1.648367E+00
-7.075000E+00,+2.151256E+00,+1.608166E+00
-7.070000E+00,+2.022613E+00,+1.600126E+00
-7.065000E+00,+1.918090E+00,+1.584045E+00
-7.060000E+00,+1.821608E+00,+1.519724E+00
-7.055000E+00,+1.717085E+00,+1.455402E+00
-7.050000E+00,+1.588442E+00,+1.407161E+00
-7.045000E+00,+1.491960E+00,+1.375000E+00
-7.040000E+00,+1.371357E+00,+1.286558E+00
-7.035000E+00,+1.242714E+00,+1.238317E+00
-7.030000E+00,+1.114070E+00,+1.141834E+00
-7.025000E+00,+1.065829E+00,+1.165955E+00
-7.020000E+00,+977.387E-03,+997.110E-03
-7.015000E+00,+880.905E-03,+964.950E-03
-7.010000E+00,+856.784E-03,+908.668E-03
-7.005000E+00,+816.583E-03,+812.186E-03
-7.000000E+00,+784.422E-03,+763.945E-03
-6.995000E+00,+704.020E-03,+755.904E-03
-6.990000E+00,+639.698E-03,+699.623E-03
-6.985000E+00,+663.819E-03,+739.824E-03
-6.980000E+00,+671.859E-03,+723.744E-03
-6.975000E+00,+704.020E-03,+763.945E-03
-6.970000E+00,+695.980E-03,+763.945E-03
-6.965000E+00,+744.221E-03,+836.306E-03
-6.960000E+00,+808.543E-03,+844.347E-03
-6.955000E+00,+824.623E-03,+852.387E-03
-6.950000E+00,+824.623E-03,+964.950E-03
-6.945000E+00,+953.266E-03,+1.005151E+00
-6.940000E+00,+1.009548E+00,+1.077512E+00
-6.935000E+00,+1.122111E+00,+1.149874E+00
-6.930000E+00,+1.210553E+00,+1.190075E+00
-6.925000E+00,+1.266834E+00,+1.246357E+00
-6.920000E+00,+1.363317E+00,+1.326759E+00
-6.915000E+00,+1.508040E+00,+1.383040E+00
-6.910000E+00,+1.612563E+00,+1.455402E+00
-6.905000E+00,+1.709045E+00,+1.519724E+00
-6.900000E+00,+1.869849E+00,+1.567965E+00
-6.895000E+00,+1.918090E+00,+1.535804E+00
-6.890000E+00,+2.086935E+00,+1.608166E+00
-6.885000E+00,+2.175377E+00,+1.632286E+00
-6.880000E+00,+2.231658E+00,+1.648367E+00
-6.875000E+00,+2.312060E+00,+1.608166E+00
-6.870000E+00,+2.279899E+00,+1.576005E+00
-6.865000E+00,+2.368342E+00,+1.648367E+00
-6.860000E+00,+2.432663E+00,+1.648367E+00
-6.855000E+00,+2.480904E+00,+1.648367E+00
-6.850000E+00,+2.513065E+00,+1.648367E+00
-6.845000E+00,+2.521105E+00,+1.624246E+00
-6.840000E+00,+2.513065E+00,+1.632286E+00
-6.835000E+00,+2.472864E+00,+1.632286E+00
-6.830000E+00,+2.440703E+00,+1.648367E+00
-6.825000E+00,+2.392462E+00,+1.648367E+00
-6.820000E+00,+2.344221E+00,+1.648367E+00
-6.815000E+00,+2.271859E+00,+1.648367E+00
-6.810000E+00,+2.271859E+00,+1.624246E+00
-6.805000E+00,+2.239698E+00,+1.648367E+00
-6.800000E+00,+2.191457E+00,+1.648367E+00
-6.795000E+00,+2.038693E+00,+1.608166E+00
-6.790000E+00,+1.990452E+00,+1.567965E+00
-6.785000E+00,+1.845729E+00,+1.503643E+00
-6.780000E+00,+1.684925E+00,+1.495603E+00
-6.775000E+00,+1.588442E+00,+1.447362E+00
-6.770000E+00,+1.427638E+00,+1.326759E+00
-6.765000E+00,+1.323116E+00,+1.286558E+00
-6.760000E+00,+1.178392E+00,+1.206156E+00
-6.755000E+00,+1.106030E+00,+1.093593E+00
-6.750000E+00,+1.025628E+00,+1.045352E+00
-6.745000E+00,+872.864E-03,+964.950E-03
-6.740000E+00,+824.623E-03,+884.548E-03
-6.735000E+00,+760.301E-03,+844.347E-03
-6.730000E+00,+679.899E-03,+796.105E-03
-6.725000E+00,+623.618E-03,+683.543E-03
-6.720000E+00,+615.578E-03,+651.382E-03
-6.715000E+00,+599.497E-03,+683.543E-03
-6.710000E+00,+599.497E-03,+635.301E-03
-6.705000E+00,+591.457E-03,+643.342E-03
-6.700000E+00,+543.216E-03,+643.342E-03
-6.695000E+00,+663.819E-03,+683.543E-03
-6.690000E+00,+663.819E-03,+755.904E-03
-6.685000E+00,+744.221E-03,+804.146E-03
-6.680000E+00,+808.543E-03,+844.347E-03
-6.675000E+00,+864.824E-03,+924.749E-03
-6.670000E+00,+913.065E-03,+964.950E-03
-6.665000E+00,+1.001508E+00,+1.021231E+00
-6.660000E+00,+1.089950E+00,+1.109673E+00
-6.655000E+00,+1.170352E+00,+1.198116E+00
-6.650000E+00,+1.266834E+00,+1.246357E+00
-6.645000E+00,+1.355276E+00,+1.334799E+00
-6.640000E+00,+1.524121E+00,+1.366960E+00
-6.635000E+00,+1.612563E+00,+1.431281E+00
-6.630000E+00,+1.741206E+00,+1.487563E+00
-6.625000E+00,+1.869849E+00,+1.527764E+00
-6.620000E+00,+1.990452E+00,+1.576005E+00
-6.615000E+00,+2.191457E+00,+1.648367E+00
-6.610000E+00,+2.247739E+00,+1.632286E+00
-6.605000E+00,+2.312060E+00,+1.648367E+00
-6.600000E+00,+2.352261E+00,+1.608166E+00
-6.595000E+00,+2.400502E+00,+1.616206E+00
-6.590000E+00,+2.472864E+00,+1.664447E+00
-6.585000E+00,+2.561307E+00,+1.648367E+00
-6.580000E+00,+2.553266E+00,+1.648367E+00
-6.575000E+00,+2.553266E+00,+1.648367E+00
-6.570000E+00,+2.593467E+00,+1.616206E+00
-6.565000E+00,+2.569347E+00,+1.632286E+00
-6.560000E+00,+2.513065E+00,+1.648367E+00
-6.555000E+00,+2.472864E+00,+1.616206E+00
-6.550000E+00,+2.392462E+00,+1.648367E+00
-6.545000E+00,+2.344221E+00,+1.648367E+00
-6.540000E+00,+2.271859E+00,+1.648367E+00
-6.535000E+00,+2.223618E+00,+1.632286E+00
-6.530000E+00,+2.199497E+00,+1.616206E+00
-6.525000E+00,+2.111055E+00,+1.648367E+00
-6.520000E+00,+1.982412E+00,+1.567965E+00
-6.515000E+00,+1.813568E+00,+1.567965E+00
-6.510000E+00,+1.725126E+00,+1.487563E+00
-6.505000E+00,+1.636683E+00,+1.415201E+00
-6.500000E+00,+1.427638E+00,+1.366960E+00
-6.495000E+00,+1.331156E+00,+1.278518E+00
-6.490000E+00,+1.266834E+00,+1.230276E+00
-6.485000E+00,+1.114070E+00,+1.141834E+00
-6.480000E+00,+985.427E-03,+1.053392E+00
-6.475000E+00,+945.226E-03,+964.950E-03
-6.470000E+00,+856.784E-03,+860.427E-03
-6.465000E+00,+808.543E-03,+828.266E-03
-6.460000E+00,+704.020E-03,+780.025E-03
-6.455000E+00,+704.020E-03,+731.784E-03
-6.450000E+00,+623.618E-03,+683.543E-03
-6.445000E+00,+663.819E-03,+683.543E-03
-6.440000E+00,+663.819E-03,+683.543E-03
-6.435000E+00,+623.618E-03,+723.744E-03
-6.430000E+00,+663.819E-03,+731.784E-03
-6.425000E+00,+704.020E-03,+723.744E-03
-6.420000E+00,+744.221E-03,+804.146E-03
-6.415000E+00,+760.301E-03,+844.347E-03
-6.410000E+00,+848.744E-03,+892.588E-03
-6.405000E+00,+872.864E-03,+964.950E-03
-6.400000E+00,+985.427E-03,+1.045352E+00
-6.395000E+00,+1.065829E+00,+1.093593E+00
-6.390000E+00,+1.154271E+00,+1.182035E+00
-6.385000E+00,+1.202513E+00,+1.246357E+00
-6.380000E+00,+1.371357E+00,+1.286558E+00
-6.375000E+00,+1.467839E+00,+1.326759E+00
-6.370000E+00,+1.532161E+00,+1.447362E+00
-6.365000E+00,+1.684925E+00,+1.463442E+00
-6.360000E+00,+1.829648E+00,+1.551884E+00
-6.355000E+00,+1.974372E+00,+1.567965E+00
-6.350000E+00,+2.111055E+00,+1.608166E+00
-6.345000E+00,+2.191457E+00,+1.616206E+00
-6.340000E+00,+2.231658E+00,+1.664447E+00
-6.335000E+00,+2.287940E+00,+1.608166E+00
-6.330000E+00,+2.376382E+00,+1.616206E+00
-6.325000E+00,+2.392462E+00,+1.648367E+00
-6.320000E+00,+2.456784E+00,+1.616206E+00
-6.315000E+00,+2.488945E+00,+1.624246E+00
-6.310000E+00,+2.529146E+00,+1.648367E+00
-6.305000E+00,+2.545226E+00,+1.680528E+00
-6.300000E+00,+2.513065E+00,+1.608166E+00
-6.295000E+00,+2.513065E+00,+1.616206E+00
-6.290000E+00,+2.432663E+00,+1.624246E+00
-6.285000E+00,+2.408543E+00,+1.624246E+00
-6.280000E+00,+2.352261E+00,+1.640327E+00
-6.275000E+00,+2.271859E+00,+1.608166E+00
-6.270000E+00,+2.239698E+00,+1.616206E+00
-6.265000E+00,+2.239698E+00,+1.648367E+00
-6.260000E+00,+2.127136E+00,+1.624246E+00
-6.255000E+00,+1.998492E+00,+1.608166E+00
-6.250000E+00,+1.950251E+00,+1.527764E+00
-6.245000E+00,+1.757286E+00,+1.519724E+00
-6.240000E+00,+1.652764E+00,+1.431281E+00
-6.235000E+00,+1.516080E+00,+1.383040E+00
-6.230000E+00,+1.363317E+00,+1.326759E+00
-6.225000E+00,+1.266834E+00,+1.246357E+00
-6.220000E+00,+1.114070E+00,+1.198116E+00
-6.215000E+00,+1.025628E+00,+1.101633E+00
-6.210000E+00,+961.307E-03,+1.005151E+00
-6.205000E+00,+913.065E-03,+932.789E-03
-6.200000E+00,+784.422E-03,+844.347E-03
-6.195000E+00,+744.221E-03,+836.306E-03
-6.190000E+00,+671.859E-03,+763.945E-03
-6.185000E+00,+639.698E-03,+699.623E-03
-6.180000E+00,+623.618E-03,+683.543E-03
-6.175000E+00,+583.417E-03,+603.141E-03
-6.170000E+00,+583.417E-03,+675.502E-03
-6.165000E+00,+623.618E-03,+683.543E-03
-6.160000E+00,+647.739E-03,+707.663E-03
-6.155000E+00,+663.819E-03,+755.904E-03
-6.150000E+00,+744.221E-03,+763.945E-03
-6.145000E+00,+752.261E-03,+812.186E-03
-6.140000E+00,+800.503E-03,+876.507E-03
-6.135000E+00,+872.864E-03,+924.749E-03
-6.130000E+00,+937.186E-03,+997.110E-03
-6.125000E+00,+1.025628E+00,+1.045352E+00
-6.120000E+00,+1.073869E+00,+1.133794E+00
-6.115000E+00,+1.178392E+00,+1.206156E+00
-6.110000E+00,+1.290955E+00,+1.214196E+00
-6.105000E+00,+1.387437E+00,+1.318719E+00
-6.100000E+00,+1.508040E+00,+1.366960E+00
-6.095000E+00,+1.636683E+00,+1.447362E+00
-6.090000E+00,+1.805528E+00,+1.503643E+00
-6.085000E+00,+1.934171E+00,+1.543844E+00
-6.080000E+00,+2.062814E+00,+1.640327E+00
-6.075000E+00,+2.191457E+00,+1.608166E+00
-6.070000E+00,+2.239698E+00,+1.640327E+00
-6.065000E+00,+2.295980E+00,+1.608166E+00
-6.060000E+00,+2.360301E+00,+1.648367E+00
-6.055000E+00,+2.432663E+00,+1.640327E+00
-6.050000E+00,+2.513065E+00,+1.608166E+00
-6.045000E+00,+2.513065E+00,+1.648367E+00
-6.040000E+00,+2.569347E+00,+1.632286E+00
-6.035000E+00,+2.593467E+00,+1.648367E+00
-6.030000E+00,+2.593467E+00,+1.640327E+00
-6.025000E+00,+2.593467E+00,+1.608166E+00
-6.020000E+00,+2.553266E+00,+1.648367E+00
-6.015000E+00,+2.472864E+00,+1.624246E+00
-6.010000E+00,+2.448744E+00,+1.632286E+00
-6.005000E+00,+2.352261E+00,+1.608166E+00
-6.000000E+00,+2.271859E+00,+1.648367E+00
-5.995000E+00,+2.231658E+00,+1.616206E+00
-5.990000E+00,+2.215578E+00,+1.648367E+00
-5.985000E+00,+2.127136E+00,+1.608166E+00
-5.980000E+00,+1.998492E+00,+1.576005E+00
-5.975000E+00,+1.869849E+00,+1.527764E+00
-5.970000E+00,+1.805528E+00,+1.479523E+00
-5.965000E+00,+1.596482E+00,+1.431281E+00
-5.960000E+00,+1.467839E+00,+1.358920E+00
-5.955000E+00,+1.355276E+00,+1.294598E+00
-5.950000E+00,+1.186432E+00,+1.246357E+00
-5.945000E+00,+1.097990E+00,+1.157914E+00
-5.940000E+00,+1.009548E+00,+1.061432E+00
-5.935000E+00,+937.186E-03,+981.030E-03
-5.930000E+00,+840.704E-03,+932.789E-03
-5.925000E+00,+824.623E-03,+804.146E-03
-5.920000E+00,+736.181E-03,+796.105E-03
-5.915000E+00,+687.940E-03,+747.864E-03
-5.910000E+00,+671.859E-03,+723.744E-03
-5.905000E+00,+663.819E-03,+691.583E-03
-5.900000E+00,+623.618E-03,+683.543E-03
-5.895000E+00,+655.779E-03,+683.543E-03
-5.890000E+00,+623.618E-03,+844.347E-03
-5.885000E+00,+695.980E-03,+739.824E-03
-5.880000E+00,+744.221E-03,+796.105E-03
-5.875000E+00,+744.221E-03,+804.146E-03
-5.870000E+00,+824.623E-03,+844.347E-03
-5.865000E+00,+824.623E-03,+908.668E-03
-5.860000E+00,+929.146E-03,+1.005151E+00
-5.855000E+00,+1.009548E+00,+1.037311E+00
-5.850000E+00,+1.065829E+00,+1.085553E+00
-5.845000E+00,+1.073869E+00,+1.173995E+00
-5.840000E+00,+1.226633E+00,+1.262437E+00
-5.835000E+00,+1.331156E+00,+1.286558E+00
-5.830000E+00,+1.459799E+00,+1.358920E+00
-5.825000E+00,+1.588442E+00,+1.407161E+00
-5.820000E+00,+1.709045E+00,+1.455402E+00
-5.815000E+00,+1.829648E+00,+1.527764E+00
-5.810000E+00,+1.910050E+00,+1.592085E+00
-5.805000E+00,+2.062814E+00,+1.632286E+00
-5.800000E+00,+2.151256E+00,+1.688568E+00
-5.795000E+00,+2.199497E+00,+1.640327E+00
-5.790000E+00,+2.247739E+00,+1.648367E+00
-5.785000E+00,+2.328141E+00,+1.624246E+00
-5.780000E+00,+2.384422E+00,+1.616206E+00
-5.775000E+00,+2.432663E+00,+1.648367E+00
-5.770000E+00,+2.464824E+00,+1.648367E+00
-5.765000E+00,+2.456784E+00,+1.632286E+00
-5.760000E+00,+2.456784E+00,+1.648367E+00
-5.755000E+00,+2.440703E+00,+1.640327E+00
-5.750000E+00,+2.432663E+00,+1.608166E+00
-5.745000E+00,+2.368342E+00,+1.640327E+00
-5.740000E+00,+2.312060E+00,+1.640327E+00
-5.735000E+00,+2.247739E+00,+1.648367E+00
-5.730000E+00,+2.271859E+00,+1.608166E+00
-5.725000E+00,+2.231658E+00,+1.648367E+00
-5.720000E+00,+2.103015E+00,+1.648367E+00
-5.715000E+00,+2.006533E+00,+1.624246E+00
-5.710000E+00,+1.902010E+00,+1.551884E+00
-5.705000E+00,+1.821608E+00,+1.527764E+00
-5.700000E+00,+1.668844E+00,+1.447362E+00
-5.695000E+00,+1.556281E+00,+1.439322E+00
-5.690000E+00,+1.475879E+00,+1.350879E+00
-5.685000E+00,+1.323116E+00,+1.302638E+00
-5.680000E+00,+1.234673E+00,+1.286558E+00
-5.675000E+00,+1.186432E+00,+1.206156E+00
-5.670000E+00,+1.097990E+00,+1.157914E+00
-5.665000E+00,+1.009548E+00,+1.061432E+00
-5.660000E+00,+945.226E-03,+1.021231E+00
-5.655000E+00,+913.065E-03,+964.950E-03
-5.650000E+00,+864.824E-03,+884.548E-03
-5.645000E+00,+824.623E-03,+876.507E-03
-5.640000E+00,+784.422E-03,+868.467E-03
-5.635000E+00,+776.382E-03,+820.226E-03
-5.630000E+00,+752.261E-03,+804.146E-03
-5.625000E+00,+744.221E-03,+804.146E-03
-5.620000E+00,+792.462E-03,+852.387E-03
-5.615000E+00,+800.503E-03,+884.548E-03
-5.610000E+00,+824.623E-03,+884.548E-03
-5.605000E+00,+872.864E-03,+916.708E-03
-5.600000E+00,+945.226E-03,+924.749E-03
-5.595000E+00,+913.065E-03,+1.013191E+00
-5.590000E+00,+1.025628E+00,+1.021231E+00
-5.585000E+00,+1.065829E+00,+1.125754E+00
-5.580000E+00,+1.130151E+00,+1.157914E+00
-5.575000E+00,+1.226633E+00,+1.206156E+00
-5.570000E+00,+1.307035E+00,+1.286558E+00
-5.565000E+00,+1.363317E+00,+1.326759E+00
-5.560000E+00,+1.491960E+00,+1.350879E+00
-5.555000E+00,+1.580402E+00,+1.439322E+00
-5.550000E+00,+1.668844E+00,+1.447362E+00
-5.545000E+00,+1.821608E+00,+1.495603E+00
-5.540000E+00,+1.926131E+00,+1.527764E+00
-5.535000E+00,+2.038693E+00,+1.616206E+00
-5.530000E+00,+2.143216E+00,+1.616206E+00
-5.525000E+00,+2.191457E+00,+1.648367E+00
-5.520000E+00,+2.239698E+00,+1.656407E+00
-5.515000E+00,+2.271859E+00,+1.640327E+00
-5.510000E+00,+2.247739E+00,+1.648367E+00
-5.505000E+00,+2.312060E+00,+1.616206E+00
-5.500000E+00,+2.271859E+00,+1.648367E+00
-5.495000E+00,+2.304020E+00,+1.648367E+00
-5.490000E+00,+2.255779E+00,+1.608166E+00
-5.485000E+00,+2.295980E+00,+1.632286E+00
-5.480000E+00,+2.304020E+00,+1.640327E+00
-5.475000E+00,+2.231658E+00,+1.648367E+00
-5.470000E+00,+2.191457E+00,+1.648367E+00
-5.465000E+00,+2.151256E+00,+1.648367E+00
-5.460000E+00,+2.086935E+00,+1.608166E+00
-5.455000E+00,+2.030653E+00,+1.576005E+00
-5.450000E+00,+1.910050E+00,+1.608166E+00
-5.445000E+00,+1.821608E+00,+1.487563E+00
-5.440000E+00,+1.733166E+00,+1.511683E+00
-5.435000E+00,+1.652764E+00,+1.447362E+00
-5.430000E+00,+1.588442E+00,+1.407161E+00
-5.425000E+00,+1.508040E+00,+1.366960E+00
-5.420000E+00,+1.387437E+00,+1.326759E+00
-5.415000E+00,+1.290955E+00,+1.310678E+00
-5.410000E+00,+1.226633E+00,+1.246357E+00
-5.405000E+00,+1.154271E+00,+1.198116E+00
-5.400000E+00,+1.106030E+00,+1.125754E+00
-5.395000E+00,+1.057789E+00,+1.085553E+00
-5.390000E+00,+961.307E-03,+1.037311E+00
-5.385000E+00,+985.427E-03,+989.070E-03
-5.380000E+00,+937.186E-03,+964.950E-03
-5.375000E+00,+905.025E-03,+964.950E-03
-5.370000E+00,+864.824E-03,+956.909E-03
-5.365000E+00,+905.025E-03,+924.749E-03
-5.360000E+00,+921.106E-03,+964.950E-03
-5.355000E+00,+905.025E-03,+932.789E-03
-5.350000E+00,+905.025E-03,+964.950E-03
-5.345000E+00,+905.025E-03,+972.990E-03
-5.340000E+00,+961.307E-03,+1.029271E+00
-5.335000E+00,+1.033668E+00,+1.061432E+00
-5.330000E+00,+1.033668E+00,+1.109673E+00
-5.325000E+00,+1.146231E+00,+1.165955E+00
-5.320000E+00,+1.154271E+00,+1.206156E+00
-5.315000E+00,+1.186432E+00,+1.246357E+00
-5.310000E+00,+1.250754E+00,+1.286558E+00
-5.305000E+00,+1.347236E+00,+1.326759E+00
-5.300000E+00,+1.387437E+00,+1.366960E+00
-5.295000E+00,+1.483920E+00,+1.407161E+00
-5.290000E+00,+1.620603E+00,+1.447362E+00
-5.285000E+00,+1.676884E+00,+1.471482E+00
-5.280000E+00,+1.781407E+00,+1.495603E+00
-5.275000E+00,+1.829648E+00,+1.487563E+00
-5.270000E+00,+1.958291E+00,+1.576005E+00
-5.265000E+00,+2.046734E+00,+1.584045E+00
-5.260000E+00,+2.135176E+00,+1.632286E+00
-5.255000E+00,+2.183417E+00,+1.640327E+00
-5.250000E+00,+2.231658E+00,+1.608166E+00
-5.245000E+00,+2.239698E+00,+1.640327E+00
-5.240000E+00,+2.231658E+00,+1.648367E+00
-5.235000E+00,+2.271859E+00,+1.648367E+00
-5.230000E+00,+2.239698E+00,+1.648367E+00
-5.225000E+00,+2.231658E+00,+1.648367E+00
-5.220000E+00,+2.295980E+00,+1.640327E+00
-5.215000E+00,+2.231658E+00,+1.624246E+00
-5.210000E+00,+2.207538E+00,+1.608166E+00
-5.205000E+00,+2.159296E+00,+1.616206E+00
-5.200000E+00,+2.191457E+00,+1.608166E+00
-5.195000E+00,+2.111055E+00,+1.608166E+00
-5.190000E+00,+2.022613E+00,+1.567965E+00
-5.185000E+00,+1.926131E+00,+1.567965E+00
-5.180000E+00,+1.829648E+00,+1.503643E+00
-5.175000E+00,+1.749246E+00,+1.527764E+00
-5.170000E+00,+1.660804E+00,+1.447362E+00
-5.165000E+00,+1.572362E+00,+1.431281E+00
-5.160000E+00,+1.427638E+00,+1.342839E+00
-5.155000E+00,+1.347236E+00,+1.294598E+00
-5.150000E+00,+1.266834E+00,+1.246357E+00
-5.145000E+00,+1.186432E+00,+1.238317E+00
-5.140000E+00,+1.089950E+00,+1.165955E+00
-5.135000E+00,+1.049749E+00,+1.077512E+00
-5.130000E+00,+1.025628E+00,+1.053392E+00
-5.125000E+00,+905.025E-03,+1.005151E+00
-5.120000E+00,+905.025E-03,+964.950E-03
-5.115000E+00,+880.905E-03,+964.950E-03
-5.110000E+00,+864.824E-03,+916.708E-03
-5.105000E+00,+824.623E-03,+924.749E-03
-5.100000E+00,+864.824E-03,+844.347E-03
-5.095000E+00,+896.985E-03,+892.588E-03
-5.090000E+00,+864.824E-03,+924.749E-03
-5.085000E+00,+888.945E-03,+924.749E-03
-5.080000E+00,+929.146E-03,+964.950E-03
-5.075000E+00,+945.226E-03,+1.005151E+00
-5.070000E+00,+977.387E-03,+1.013191E+00
-5.065000E+00,+1.017588E+00,+1.069472E+00
-5.060000E+00,+1.049749E+00,+1.093593E+00
-5.055000E+00,+1.097990E+00,+1.125754E+00
-5.050000E+00,+1.106030E+00,+1.165955E+00
-5.045000E+00,+1.226633E+00,+1.246357E+00
-5.040000E+00,+1.258794E+00,+1.286558E+00
-5.035000E+00,+1.347236E+00,+1.326759E+00
-5.030000E+00,+1.427638E+00,+1.358920E+00
-5.025000E+00,+1.508040E+00,+1.407161E+00
-5.020000E+00,+1.709045E+00,+1.455402E+00
-5.015000E+00,+1.749246E+00,+1.527764E+00
-5.010000E+00,+1.893970E+00,+1.551884E+00
-5.005000E+00,+1.990452E+00,+1.600126E+00
-5.000000E+00,+2.111055E+00,+1.608166E+00
-4.995000E+00,+2.159296E+00,+1.640327E+00
-4.990000E+00,+2.223618E+00,+1.608166E+00
-4.985000E+00,+2.231658E+00,+1.624246E+00
-4.980000E+00,+2.271859E+00,+1.648367E+00
-4.975000E+00,+2.352261E+00,+1.648367E+00
-4.970000E+00,+2.320100E+00,+1.616206E+00
-4.965000E+00,+2.352261E+00,+1.648367E+00
-4.960000E+00,+2.328141E+00,+1.624246E+00
-4.955000E+00,+2.320100E+00,+1.616206E+00
-4.950000E+00,+2.352261E+00,+1.648367E+00
-4.945000E+00,+2.304020E+00,+1.648367E+00
-4.940000E+00,+2.271859E+00,+1.632286E+00
-4.935000E+00,+2.223618E+00,+1.632286E+00
-4.930000E+00,+2.199497E+00,+1.616206E+00
-4.925000E+00,+2.151256E+00,+1.648367E+00
-4.920000E+00,+2.111055E+00,+1.640327E+00
-4.915000E+00,+2.014573E+00,+1.584045E+00
-4.910000E+00,+1.926131E+00,+1.567965E+00
-4.905000E+00,+1.805528E+00,+1.527764E+00
-4.900000E+00,+1.749246E+00,+1.447362E+00
-4.895000E+00,+1.620603E+00,+1.479523E+00
-4.890000E+00,+1.532161E+00,+1.407161E+00
-4.885000E+00,+1.411558E+00,+1.326759E+00
-4.880000E+00,+1.315075E+00,+1.294598E+00
-4.875000E+00,+1.266834E+00,+1.246357E+00
-4.870000E+00,+1.106030E+00,+1.206156E+00
-4.865000E+00,+1.065829E+00,+1.165955E+00
-4.860000E+00,+1.025628E+00,+1.101633E+00
-4.855000E+00,+953.266E-03,+1.013191E+00
-4.850000E+00,+945.226E-03,+1.005151E+00
-4.845000E+00,+864.824E-03,+964.950E-03
-4.840000E+00,+905.025E-03,+948.869E-03
-4.835000E+00,+864.824E-03,+900.628E-03
-4.830000E+00,+832.663E-03,+924.749E-03
-4.825000E+00,+824.623E-03,+924.749E-03
-4.820000E+00,+905.025E-03,+924.749E-03
-4.815000E+00,+921.106E-03,+940.829E-03
-4.810000E+00,+929.146E-03,+972.990E-03
-4.805000E+00,+905.025E-03,+997.110E-03
-4.800000E+00,+945.226E-03,+1.005151E+00
-4.795000E+00,+985.427E-03,+1.053392E+00
-4.790000E+00,+1.065829E+00,+1.109673E+00
-4.785000E+00,+1.065829E+00,+1.109673E+00
-4.780000E+00,+1.202513E+00,+1.206156E+00
-4.775000E+00,+1.266834E+00,+1.246357E+00
-4.770000E+00,+1.315075E+00,+1.286558E+00
-4.765000E+00,+1.443719E+00,+1.342839E+00
-4.760000E+00,+1.508040E+00,+1.407161E+00
-4.755000E+00,+1.620603E+00,+1.439322E+00
-4.750000E+00,+1.668844E+00,+1.447362E+00
-4.745000E+00,+1.829648E+00,+1.495603E+00
-4.740000E+00,+1.926131E+00,+1.567965E+00
-4.735000E+00,+2.054774E+00,+1.600126E+00
-4.730000E+00,+2.111055E+00,+1.640327E+00
-4.725000E+00,+2.191457E+00,+1.608166E+00
-4.720000E+00,+2.231658E+00,+1.608166E+00
-4.715000E+00,+2.255779E+00,+1.608166E+00
-4.710000E+00,+2.231658E+00,+1.608166E+00
-4.705000E+00,+2.304020E+00,+1.616206E+00
-4.700000E+00,+2.271859E+00,+1.608166E+00
-4.695000E+00,+2.279899E+00,+1.608166E+00
-4.690000E+00,+2.312060E+00,+1.608166E+00
-4.685000E+00,+2.271859E+00,+1.608166E+00
-4.680000E+00,+2.239698E+00,+1.616206E+00
-4.675000E+00,+2.231658E+00,+1.648367E+00
-4.670000E+00,+2.199497E+00,+1.648367E+00
-4.665000E+00,+2.175377E+00,+1.648367E+00
-4.660000E+00,+2.111055E+00,+1.624246E+00
-4.655000E+00,+2.038693E+00,+1.576005E+00
-4.650000E+00,+1.990452E+00,+1.567965E+00
-4.645000E+00,+1.829648E+00,+1.551884E+00
-4.640000E+00,+1.749246E+00,+1.495603E+00
-4.635000E+00,+1.604523E+00,+1.447362E+00
-4.630000E+00,+1.516080E+00,+1.383040E+00
-4.625000E+00,+1.427638E+00,+1.366960E+00
-4.620000E+00,+1.298995E+00,+1.310678E+00
-4.615000E+00,+1.234673E+00,+1.222236E+00
-4.610000E+00,+1.122111E+00,+1.165955E+00
-4.605000E+00,+1.065829E+00,+1.125754E+00
-4.600000E+00,+1.025628E+00,+1.045352E+00
-4.595000E+00,+945.226E-03,+997.110E-03
-4.590000E+00,+905.025E-03,+940.829E-03
-4.585000E+00,+864.824E-03,+924.749E-03
-4.580000E+00,+832.663E-03,+884.548E-03
-4.575000E+00,+824.623E-03,+844.347E-03
-4.570000E+00,+784.422E-03,+836.306E-03
-4.565000E+00,+784.422E-03,+820.226E-03
-4.560000E+00,+784.422E-03,+828.266E-03
-4.555000E+00,+752.261E-03,+844.347E-03
-4.550000E+00,+784.422E-03,+884.548E-03
-4.545000E+00,+864.824E-03,+892.588E-03
-4.540000E+00,+880.905E-03,+940.829E-03
-4.535000E+00,+888.945E-03,+964.950E-03
-4.530000E+00,+985.427E-03,+1.005151E+00
-4.525000E+00,+985.427E-03,+1.045352E+00
-4.520000E+00,+1.025628E+00,+1.085553E+00
-4.515000E+00,+1.041709E+00,+1.141834E+00
-4.510000E+00,+1.170352E+00,+1.206156E+00
-4.505000E+00,+1.226633E+00,+1.246357E+00
-4.500000E+00,+1.347236E+00,+1.326759E+00
-4.495000E+00,+1.435678E+00,+1.358920E+00
-4.490000E+00,+1.524121E+00,+1.407161E+00
-4.485000E+00,+1.652764E+00,+1.495603E+00
-4.480000E+00,+1.797487E+00,+1.487563E+00
-4.475000E+00,+1.910050E+00,+1.527764E+00
-4.470000E+00,+2.038693E+00,+1.584045E+00
-4.465000E+00,+2.111055E+00,+1.624246E+00
-4.460000E+00,+2.175377E+00,+1.648367E+00
-4.455000E+00,+2.231658E+00,+1.640327E+00
-4.450000E+00,+2.271859E+00,+1.648367E+00
-4.445000E+00,+2.352261E+00,+1.648367E+00
-4.440000E+00,+2.336181E+00,+1.632286E+00
-4.435000E+00,+2.336181E+00,+1.624246E+00
-4.430000E+00,+2.392462E+00,+1.632286E+00
-4.425000E+00,+2.352261E+00,+1.608166E+00
-4.420000E+00,+2.352261E+00,+1.648367E+00
-4.415000E+00,+2.328141E+00,+1.648367E+00
-4.410000E+00,+2.312060E+00,+1.648367E+00
-4.405000E+00,+2.239698E+00,+1.664447E+00
-4.400000E+00,+2.231658E+00,+1.688568E+00
-4.395000E+00,+2.215578E+00,+1.616206E+00
-4.390000E+00,+2.143216E+00,+1.632286E+00
-4.385000E+00,+2.070854E+00,+1.592085E+00
-4.380000E+00,+1.966332E+00,+1.600126E+00
-4.375000E+00,+1.869849E+00,+1.527764E+00
-4.370000E+00,+1.741206E+00,+1.511683E+00
-4.365000E+00,+1.628643E+00,+1.447362E+00
-4.360000E+00,+1.524121E+00,+1.407161E+00
-4.355000E+00,+1.443719E+00,+1.326759E+00
-4.350000E+00,+1.307035E+00,+1.286558E+00
-4.345000E+00,+1.210553E+00,+1.206156E+00
-4.340000E+00,+1.106030E+00,+1.141834E+00
-4.335000E+00,+1.065829E+00,+1.085553E+00
-4.330000E+00,+1.025628E+00,+1.021231E+00
-4.325000E+00,+945.226E-03,+1.005151E+00
-4.320000E+00,+864.824E-03,+948.869E-03
-4.315000E+00,+848.744E-03,+908.668E-03
-4.310000E+00,+800.503E-03,+884.548E-03
-4.305000E+00,+792.462E-03,+844.347E-03
-4.300000E+00,+784.422E-03,+844.347E-03
-4.295000E+00,+824.623E-03,+812.186E-03
-4.290000E+00,+776.382E-03,+844.347E-03
-4.285000E+00,+824.623E-03,+884.548E-03
-4.280000E+00,+832.663E-03,+916.708E-03
-4.275000E+00,+864.824E-03,+924.749E-03
-4.270000E+00,+953.266E-03,+932.789E-03
-4.265000E+00,+969.347E-03,+989.070E-03
-4.260000E+00,+969.347E-03,+1.029271E+00
-4.255000E+00,+985.427E-03,+1.077512E+00
-4.250000E+00,+1.065829E+00,+1.125754E+00
-4.245000E+00,+1.154271E+00,+1.173995E+00
-4.240000E+00,+1.242714E+00,+1.254397E+00
-4.235000E+00,+1.331156E+00,+1.310678E+00
-4.230000E+00,+1.451759E+00,+1.358920E+00
-4.225000E+00,+1.588442E+00,+1.407161E+00
-4.220000E+00,+1.644724E+00,+1.463442E+00
-4.215000E+00,+1.725126E+00,+1.463442E+00
-4.210000E+00,+1.893970E+00,+1.551884E+00
-4.205000E+00,+1.990452E+00,+1.600126E+00
-4.200000E+00,+2.070854E+00,+1.608166E+00
-4.195000E+00,+2.151256E+00,+1.640327E+00
-4.190000E+00,+2.207538E+00,+1.648367E+00
-4.185000E+00,+2.255779E+00,+1.648367E+00
-4.180000E+00,+2.271859E+00,+1.680528E+00
-4.175000E+00,+2.352261E+00,+1.648367E+00
-4.170000E+00,+2.392462E+00,+1.616206E+00
-4.165000E+00,+2.408543E+00,+1.648367E+00
-4.160000E+00,+2.408543E+00,+1.648367E+00
-4.155000E+00,+2.400502E+00,+1.640327E+00
-4.150000E+00,+2.392462E+00,+1.608166E+00
-4.145000E+00,+2.384422E+00,+1.648367E+00
-4.140000E+00,+2.352261E+00,+1.632286E+00
-4.135000E+00,+2.247739E+00,+1.648367E+00
-4.130000E+00,+2.263819E+00,+1.648367E+00
-4.125000E+00,+2.191457E+00,+1.608166E+00
-4.120000E+00,+2.151256E+00,+1.616206E+00
-4.115000E+00,+2.111055E+00,+1.624246E+00
-4.110000E+00,+1.990452E+00,+1.608166E+00
-4.105000E+00,+1.877889E+00,+1.535804E+00
-4.100000E+00,+1.789447E+00,+1.527764E+00
-4.095000E+00,+1.668844E+00,+1.479523E+00
-4.090000E+00,+1.572362E+00,+1.447362E+00
-4.085000E+00,+1.483920E+00,+1.366960E+00
-4.080000E+00,+1.355276E+00,+1.326759E+00
-4.075000E+00,+1.226633E+00,+1.246357E+00
-4.070000E+00,+1.178392E+00,+1.206156E+00
-4.065000E+00,+1.106030E+00,+1.125754E+00
-4.060000E+00,+1.001508E+00,+1.077512E+00
-4.055000E+00,+953.266E-03,+1.013191E+00
-4.050000E+00,+905.025E-03,+964.950E-03
-4.045000E+00,+905.025E-03,+964.950E-03
-4.040000E+00,+832.663E-03,+924.749E-03
-4.035000E+00,+840.704E-03,+908.668E-03
-4.030000E+00,+824.623E-03,+852.387E-03
-4.025000E+00,+824.623E-03,+884.548E-03
-4.020000E+00,+856.784E-03,+884.548E-03
-4.015000E+00,+808.543E-03,+884.548E-03
-4.010000E+00,+864.824E-03,+924.749E-03
-4.005000E+00,+905.025E-03,+924.749E-03
-4.000000E+00,+945.226E-03,+964.950E-03
-3.995000E+00,+977.387E-03,+1.013191E+00
-3.990000E+00,+1.001508E+00,+1.061432E+00
-3.985000E+00,+1.065829E+00,+1.085553E+00
-3.980000E+00,+1.073869E+00,+1.198116E+00
-3.975000E+00,+1.146231E+00,+1.206156E+00
-3.970000E+00,+1.266834E+00,+1.246357E+00
-3.965000E+00,+1.363317E+00,+1.302638E+00
-3.960000E+00,+1.451759E+00,+1.366960E+00
-3.955000E+00,+1.548241E+00,+1.407161E+00
-3.950000E+00,+1.668844E+00,+1.487563E+00
-3.945000E+00,+1.789447E+00,+1.527764E+00
-3.940000E+00,+1.885930E+00,+1.567965E+00
-3.935000E+00,+2.014573E+00,+1.567965E+00
-3.930000E+00,+2.103015E+00,+1.672487E+00
-3.925000E+00,+2.191457E+00,+1.648367E+00
-3.920000E+00,+2.199497E+00,+1.640327E+00
-3.915000E+00,+2.255779E+00,+1.624246E+00
-3.910000E+00,+2.287940E+00,+1.624246E+00
-3.905000E+00,+2.312060E+00,+1.608166E+00
-3.900000E+00,+2.312060E+00,+1.648367E+00
-3.895000E+00,+2.352261E+00,+1.648367E+00
-3.890000E+00,+2.368342E+00,+1.632286E+00
-3.885000E+00,+2.328141E+00,+1.608166E+00
-3.880000E+00,+2.320100E+00,+1.648367E+00
-3.875000E+00,+2.271859E+00,+1.648367E+00
-3.870000E+00,+2.271859E+00,+1.608166E+00
-3.865000E+00,+2.231658E+00,+1.624246E+00
-3.860000E+00,+2.207538E+00,+1.672487E+00
-3.855000E+00,+2.111055E+00,+1.640327E+00
-3.850000E+00,+2.070854E+00,+1.608166E+00
-3.845000E+00,+1.950251E+00,+1.543844E+00
-3.840000E+00,+1.829648E+00,+1.551884E+00
-3.835000E+00,+1.749246E+00,+1.527764E+00
-3.830000E+00,+1.660804E+00,+1.447362E+00
-3.825000E+00,+1.548241E+00,+1.407161E+00
-3.820000E+00,+1.451759E+00,+1.326759E+00
-3.815000E+00,+1.371357E+00,+1.310678E+00
-3.810000E+00,+1.218593E+00,+1.246357E+00
-3.805000E+00,+1.154271E+00,+1.206156E+00
-3.800000E+00,+1.065829E+00,+1.165955E+00
-3.795000E+00,+1.025628E+00,+1.077512E+00
-3.790000E+00,+993.467E-03,+1.029271E+00
-3.785000E+00,+921.106E-03,+1.005151E+00
-3.780000E+00,+905.025E-03,+964.950E-03
-3.775000E+00,+864.824E-03,+964.950E-03
-3.770000E+00,+824.623E-03,+916.708E-03
-3.765000E+00,+824.623E-03,+908.668E-03
-3.760000E+00,+840.704E-03,+860.427E-03
-3.755000E+00,+792.462E-03,+852.387E-03
-3.750000E+00,+864.824E-03,+924.749E-03
-3.745000E+00,+864.824E-03,+900.628E-03
-3.740000E+00,+905.025E-03,+940.829E-03
-3.735000E+00,+929.146E-03,+964.950E-03
-3.730000E+00,+977.387E-03,+1.029271E+00
-3.725000E+00,+985.427E-03,+1.045352E+00
-3.720000E+00,+1.057789E+00,+1.077512E+00
-3.715000E+00,+1.081910E+00,+1.141834E+00
-3.710000E+00,+1.106030E+00,+1.206156E+00
-3.705000E+00,+1.218593E+00,+1.246357E+00
-3.700000E+00,+1.347236E+00,+1.246357E+00
-3.695000E+00,+1.387437E+00,+1.358920E+00
-3.690000E+00,+1.524121E+00,+1.383040E+00
-3.685000E+00,+1.612563E+00,+1.455402E+00
-3.680000E+00,+1.701005E+00,+1.479523E+00
-3.675000E+00,+1.829648E+00,+1.527764E+00
-3.670000E+00,+1.918090E+00,+1.567965E+00
-3.665000E+00,+2.014573E+00,+1.624246E+00
-3.660000E+00,+2.094975E+00,+1.608166E+00
-3.655000E+00,+2.159296E+00,+1.640327E+00
-3.650000E+00,+2.191457E+00,+1.567965E+00
-3.645000E+00,+2.271859E+00,+1.616206E+00
-3.640000E+00,+2.295980E+00,+1.648367E+00
-3.635000E+00,+2.312060E+00,+1.648367E+00
-3.630000E+00,+2.352261E+00,+1.648367E+00
-3.625000E+00,+2.392462E+00,+1.608166E+00
-3.620000E+00,+2.352261E+00,+1.616206E+00
-3.615000E+00,+2.328141E+00,+1.608166E+00
-3.610000E+00,+2.287940E+00,+1.624246E+00
-3.605000E+00,+2.312060E+00,+1.616206E+00
-3.600000E+00,+2.271859E+00,+1.608166E+00
-3.595000E+00,+2.231658E+00,+1.640327E+00
-3.590000E+00,+2.175377E+00,+1.664447E+00
-3.585000E+00,+2.175377E+00,+1.672487E+00
-3.580000E+00,+2.078894E+00,+1.648367E+00
-3.575000E+00,+1.950251E+00,+1.567965E+00
-3.570000E+00,+1.869849E+00,+1.567965E+00
-3.565000E+00,+1.765327E+00,+1.503643E+00
-3.560000E+00,+1.684925E+00,+1.471482E+00
-3.555000E+00,+1.596482E+00,+1.407161E+00
-3.550000E+00,+1.508040E+00,+1.366960E+00
-3.545000E+00,+1.379397E+00,+1.326759E+00
-3.540000E+00,+1.290955E+00,+1.310678E+00
-3.535000E+00,+1.178392E+00,+1.262437E+00
-3.530000E+00,+1.154271E+00,+1.173995E+00
-3.525000E+00,+1.065829E+00,+1.125754E+00
-3.520000E+00,+1.001508E+00,+1.085553E+00
-3.515000E+00,+945.226E-03,+1.029271E+00
-3.510000E+00,+945.226E-03,+981.030E-03
-3.505000E+00,+872.864E-03,+964.950E-03
-3.500000E+00,+905.025E-03,+924.749E-03
-3.495000E+00,+888.945E-03,+924.749E-03
-3.490000E+00,+824.623E-03,+908.668E-03
-3.485000E+00,+816.583E-03,+908.668E-03
-3.480000E+00,+864.824E-03,+924.749E-03
-3.475000E+00,+864.824E-03,+964.950E-03
-3.470000E+00,+880.905E-03,+932.789E-03
-3.465000E+00,+929.146E-03,+964.950E-03
-3.460000E+00,+945.226E-03,+1.021231E+00
-3.455000E+00,+993.467E-03,+1.037311E+00
-3.450000E+00,+1.025628E+00,+1.085553E+00
-3.445000E+00,+1.033668E+00,+1.117713E+00
-3.440000E+00,+1.097990E+00,+1.141834E+00
-3.435000E+00,+1.170352E+00,+1.214196E+00
-3.430000E+00,+1.266834E+00,+1.246357E+00
-3.425000E+00,+1.347236E+00,+1.286558E+00
-3.420000E+00,+1.500000E+00,+1.334799E+00
-3.415000E+00,+1.524121E+00,+1.407161E+00
-3.410000E+00,+1.652764E+00,+1.463442E+00
-3.405000E+00,+1.749246E+00,+1.519724E+00
-3.400000E+00,+1.829648E+00,+1.527764E+00
-3.395000E+00,+1.950251E+00,+1.608166E+00
-3.390000E+00,+2.046734E+00,+1.608166E+00
-3.385000E+00,+2.175377E+00,+1.632286E+00
-3.380000E+00,+2.215578E+00,+1.648367E+00
-3.375000E+00,+2.231658E+00,+1.648367E+00
-3.370000E+00,+2.239698E+00,+1.648367E+00
-3.365000E+00,+2.287940E+00,+1.608166E+00
-3.360000E+00,+2.328141E+00,+1.632286E+00
-3.355000E+00,+2.352261E+00,+1.640327E+00
-3.350000E+00,+2.352261E+00,+1.648367E+00
-3.345000E+00,+2.344221E+00,+1.616206E+00
-3.340000E+00,+2.352261E+00,+1.632286E+00
-3.335000E+00,+2.295980E+00,+1.616206E+00
-3.330000E+00,+2.263819E+00,+1.648367E+00
-3.325000E+00,+2.191457E+00,+1.608166E+00
-3.320000E+00,+2.159296E+00,+1.616206E+00
-3.315000E+00,+2.151256E+00,+1.648367E+00
-3.310000E+00,+2.070854E+00,+1.608166E+00
-3.305000E+00,+1.998492E+00,+1.608166E+00
-3.300000E+00,+1.869849E+00,+1.527764E+00
-3.295000E+00,+1.781407E+00,+1.487563E+00
-3.290000E+00,+1.692965E+00,+1.431281E+00
-3.285000E+00,+1.564322E+00,+1.423241E+00
-3.280000E+00,+1.443719E+00,+1.342839E+00
-3.275000E+00,+1.347236E+00,+1.326759E+00
-3.270000E+00,+1.258794E+00,+1.246357E+00
-3.265000E+00,+1.146231E+00,+1.190075E+00
-3.260000E+00,+1.065829E+00,+1.125754E+00
-3.255000E+00,+993.467E-03,+1.077512E+00
-3.250000E+00,+945.226E-03,+1.005151E+00
-3.245000E+00,+896.985E-03,+964.950E-03
-3.240000E+00,+864.824E-03,+924.749E-03
-3.235000E+00,+824.623E-03,+884.548E-03
-3.230000E+00,+784.422E-03,+884.548E-03
-3.225000E+00,+784.422E-03,+844.347E-03
-3.220000E+00,+816.583E-03,+844.347E-03
-3.215000E+00,+784.422E-03,+844.347E-03
-3.210000E+00,+800.503E-03,+868.467E-03
-3.205000E+00,+848.744E-03,+884.548E-03
-3.200000E+00,+864.824E-03,+924.749E-03
-3.195000E+00,+840.704E-03,+964.950E-03
-3.190000E+00,+937.186E-03,+989.070E-03
-3.185000E+00,+969.347E-03,+1.021231E+00
-3.180000E+00,+1.017588E+00,+1.077512E+00
-3.175000E+00,+1.106030E+00,+1.125754E+00
-3.170000E+00,+1.146231E+00,+1.165955E+00
-3.165000E+00,+1.210553E+00,+1.246357E+00
-3.160000E+00,+1.266834E+00,+1.270477E+00
-3.155000E+00,+1.387437E+00,+1.358920E+00
-3.150000E+00,+1.467839E+00,+1.407161E+00
-3.145000E+00,+1.596482E+00,+1.455402E+00
-3.140000E+00,+1.684925E+00,+1.479523E+00
-3.135000E+00,+1.813568E+00,+1.511683E+00
-3.130000E+00,+1.934171E+00,+1.559925E+00
-3.125000E+00,+2.030653E+00,+1.608166E+00
-3.120000E+00,+2.086935E+00,+1.648367E+00
-3.115000E+00,+2.191457E+00,+1.624246E+00
-3.110000E+00,+2.231658E+00,+1.648367E+00
-3.105000E+00,+2.271859E+00,+1.640327E+00
-3.100000E+00,+2.312060E+00,+1.648367E+00
-3.095000E+00,+2.320100E+00,+1.648367E+00
-3.090000E+00,+2.328141E+00,+1.624246E+00
-3.085000E+00,+2.352261E+00,+1.648367E+00
-3.080000E+00,+2.352261E+00,+1.648367E+00
-3.075000E+00,+2.352261E+00,+1.608166E+00
-3.070000E+00,+2.344221E+00,+1.656407E+00
-3.065000E+00,+2.295980E+00,+1.624246E+00
-3.060000E+00,+2.271859E+00,+1.624246E+00
-3.055000E+00,+2.239698E+00,+1.640327E+00
-3.050000E+00,+2.191457E+00,+1.648367E+00
-3.045000E+00,+2.111055E+00,+1.632286E+00
-3.040000E+00,+2.078894E+00,+1.632286E+00
-3.035000E+00,+1.966332E+00,+1.584045E+00
-3.030000E+00,+1.869849E+00,+1.559925E+00
-3.025000E+00,+1.829648E+00,+1.527764E+00
-3.020000E+00,+1.636683E+00,+1.447362E+00
-3.015000E+00,+1.532161E+00,+1.407161E+00
-3.010000E+00,+1.443719E+00,+1.358920E+00
-3.005000E+00,+1.347236E+00,+1.294598E+00
-3.000000E+00,+1.186432E+00,+1.246357E+00
-2.995000E+00,+1.106030E+00,+1.173995E+00
-2.990000E+00,+1.041709E+00,+1.109673E+00
-2.985000E+00,+1.009548E+00,+1.061432E+00
-2.980000E+00,+953.266E-03,+1.005151E+00
-2.975000E+00,+945.226E-03,+964.950E-03
-2.970000E+00,+864.824E-03,+924.749E-03
-2.965000E+00,+824.623E-03,+884.548E-03
-2.960000E+00,+784.422E-03,+763.945E-03
-2.955000E+00,+784.422E-03,+852.387E-03
-2.950000E+00,+784.422E-03,+844.347E-03
-2.945000E+00,+848.744E-03,+876.507E-03
-2.940000E+00,+824.623E-03,+868.467E-03
-2.935000E+00,+872.864E-03,+892.588E-03
-2.930000E+00,+832.663E-03,+924.749E-03
-2.925000E+00,+945.226E-03,+964.950E-03
-2.920000E+00,+953.266E-03,+1.013191E+00
-2.915000E+00,+1.025628E+00,+1.021231E+00
-2.910000E+00,+1.025628E+00,+1.093593E+00
-2.905000E+00,+1.097990E+00,+1.117713E+00
-2.900000E+00,+1.186432E+00,+1.165955E+00
-2.895000E+00,+1.298995E+00,+1.254397E+00
-2.890000E+00,+1.347236E+00,+1.302638E+00
-2.885000E+00,+1.443719E+00,+1.366960E+00
-2.880000E+00,+1.548241E+00,+1.439322E+00
-2.875000E+00,+1.628643E+00,+1.447362E+00
-2.870000E+00,+1.765327E+00,+1.495603E+00
-2.865000E+00,+1.885930E+00,+1.567965E+00
-2.860000E+00,+2.014573E+00,+1.584045E+00
-2.855000E+00,+2.143216E+00,+1.632286E+00
-2.850000E+00,+2.191457E+00,+1.648367E+00
-2.845000E+00,+2.191457E+00,+1.616206E+00
-2.840000E+00,+2.255779E+00,+1.592085E+00
-2.835000E+00,+2.336181E+00,+1.664447E+00
-2.830000E+00,+2.344221E+00,+1.608166E+00
-2.825000E+00,+2.352261E+00,+1.608166E+00
-2.820000E+00,+2.320100E+00,+1.648367E+00
-2.815000E+00,+2.392462E+00,+1.648367E+00
-2.810000E+00,+2.376382E+00,+1.648367E+00
-2.805000E+00,+2.352261E+00,+1.640327E+00
-2.800000E+00,+2.312060E+00,+1.608166E+00
-2.795000E+00,+2.295980E+00,+1.648367E+00
-2.790000E+00,+2.263819E+00,+1.632286E+00
-2.785000E+00,+2.207538E+00,+1.624246E+00
-2.780000E+00,+2.191457E+00,+1.648367E+00
-2.775000E+00,+2.111055E+00,+1.608166E+00
-2.770000E+00,+2.038693E+00,+1.600126E+00
-2.765000E+00,+1.950251E+00,+1.551884E+00
-2.760000E+00,+1.805528E+00,+1.487563E+00
-2.755000E+00,+1.749246E+00,+1.511683E+00
-2.750000E+00,+1.588442E+00,+1.447362E+00
-2.745000E+00,+1.491960E+00,+1.391080E+00
-2.740000E+00,+1.355276E+00,+1.310678E+00
-2.735000E+00,+1.282915E+00,+1.262437E+00
-2.730000E+00,+1.194472E+00,+1.206156E+00
-2.725000E+00,+1.146231E+00,+1.125754E+00
-2.720000E+00,+1.025628E+00,+1.085553E+00
-2.715000E+00,+993.467E-03,+1.005151E+00
-2.710000E+00,+937.186E-03,+964.950E-03
-2.705000E+00,+872.864E-03,+932.789E-03
-2.700000E+00,+824.623E-03,+924.749E-03
-2.695000E+00,+816.583E-03,+884.548E-03
-2.690000E+00,+784.422E-03,+844.347E-03
-2.685000E+00,+784.422E-03,+844.347E-03
-2.680000E+00,+792.462E-03,+812.186E-03
-2.675000E+00,+784.422E-03,+884.548E-03
-2.670000E+00,+792.462E-03,+844.347E-03
-2.665000E+00,+824.623E-03,+844.347E-03
-2.660000E+00,+888.945E-03,+908.668E-03
-2.655000E+00,+913.065E-03,+956.909E-03
-2.650000E+00,+945.226E-03,+1.045352E+00
-2.645000E+00,+1.001508E+00,+1.053392E+00
-2.640000E+00,+1.089950E+00,+1.117713E+00
-2.635000E+00,+1.194472E+00,+1.206156E+00
-2.630000E+00,+1.266834E+00,+1.246357E+00
-2.625000E+00,+1.427638E+00,+1.326759E+00
-2.620000E+00,+1.508040E+00,+1.415201E+00
-2.615000E+00,+1.620603E+00,+1.447362E+00
-2.610000E+00,+1.733166E+00,+1.463442E+00
-2.605000E+00,+1.861809E+00,+1.495603E+00
-2.600000E+00,+1.950251E+00,+1.567965E+00
-2.595000E+00,+2.111055E+00,+1.616206E+00
-2.590000E+00,+2.151256E+00,+1.608166E+00
-2.585000E+00,+2.215578E+00,+1.648367E+00
-2.580000E+00,+2.263819E+00,+1.648367E+00
-2.575000E+00,+2.312060E+00,+1.648367E+00
-2.570000E+00,+2.392462E+00,+1.648367E+00
-2.565000E+00,+2.392462E+00,+1.624246E+00
-2.560000E+00,+2.408543E+00,+1.648367E+00
-2.555000E+00,+2.408543E+00,+1.648367E+00
-2.550000E+00,+2.392462E+00,+1.648367E+00
-2.545000E+00,+2.424623E+00,+1.616206E+00
-2.540000E+00,+2.392462E+00,+1.648367E+00
-2.535000E+00,+2.328141E+00,+1.624246E+00
-2.530000E+00,+2.312060E+00,+1.648367E+00
-2.525000E+00,+2.231658E+00,+1.648367E+00
-2.520000E+00,+2.231658E+00,+1.640327E+00
-2.515000E+00,+2.191457E+00,+1.608166E+00
-2.510000E+00,+2.086935E+00,+1.608166E+00
-2.505000E+00,+1.990452E+00,+1.503643E+00
-2.500000E+00,+1.869849E+00,+1.527764E+00
-2.495000E+00,+1.773367E+00,+1.479523E+00
-2.490000E+00,+1.628643E+00,+1.423241E+00
-2.485000E+00,+1.524121E+00,+1.383040E+00
-2.480000E+00,+1.419598E+00,+1.302638E+00
-2.475000E+00,+1.307035E+00,+1.286558E+00
-2.470000E+00,+1.146231E+00,+1.198116E+00
-2.465000E+00,+1.089950E+00,+1.125754E+00
-2.460000E+00,+1.001508E+00,+1.101633E+00
-2.455000E+00,+921.106E-03,+1.005151E+00
-2.450000E+00,+905.025E-03,+1.005151E+00
-2.445000E+00,+864.824E-03,+924.749E-03
-2.440000E+00,+808.543E-03,+868.467E-03
-2.435000E+00,+744.221E-03,+844.347E-03
-2.430000E+00,+760.301E-03,+836.306E-03
-2.425000E+00,+784.422E-03,+844.347E-03
-2.420000E+00,+784.422E-03,+804.146E-03
-2.415000E+00,+776.382E-03,+820.226E-03
-2.410000E+00,+824.623E-03,+844.347E-03
-2.405000E+00,+856.784E-03,+916.708E-03
-2.400000E+00,+905.025E-03,+924.749E-03
-2.395000E+00,+905.025E-03,+964.950E-03
-2.390000E+00,+953.266E-03,+981.030E-03
-2.385000E+00,+1.009548E+00,+1.045352E+00
-2.380000E+00,+1.057789E+00,+1.077512E+00
-2.375000E+00,+1.146231E+00,+1.165955E+00
-2.370000E+00,+1.218593E+00,+1.246357E+00
-2.365000E+00,+1.307035E+00,+1.278518E+00
-2.360000E+00,+1.451759E+00,+1.326759E+00
-2.355000E+00,+1.532161E+00,+1.407161E+00
-2.350000E+00,+1.628643E+00,+1.447362E+00
-2.345000E+00,+1.765327E+00,+1.479523E+00
-2.340000E+00,+1.926131E+00,+1.543844E+00
-2.335000E+00,+1.998492E+00,+1.567965E+00
-2.330000E+00,+2.143216E+00,+1.640327E+00
-2.325000E+00,+2.231658E+00,+1.648367E+00
-2.320000E+00,+2.207538E+00,+1.640327E+00
-2.315000E+00,+2.320100E+00,+1.608166E+00
-2.310000E+00,+2.336181E+00,+2.154899E+00
-2.305000E+00,+2.384422E+00,+1.608166E+00
-2.300000E+00,+2.392462E+00,+1.608166E+00
-2.295000E+00,+2.464824E+00,+1.640327E+00
-2.290000E+00,+2.472864E+00,+1.648367E+00
-2.285000E+00,+2.448744E+00,+1.608166E+00
-2.280000E+00,+2.400502E+00,+1.648367E+00
-2.275000E+00,+2.352261E+00,+1.648367E+00
-2.270000E+00,+2.352261E+00,+1.640327E+00
-2.265000E+00,+2.287940E+00,+1.632286E+00
-2.260000E+00,+2.247739E+00,+1.624246E+00
-2.255000E+00,+2.231658E+00,+1.648367E+00
-2.250000E+00,+2.191457E+00,+1.608166E+00
-2.245000E+00,+2.094975E+00,+1.567965E+00
-2.240000E+00,+1.958291E+00,+1.551884E+00
-2.235000E+00,+1.885930E+00,+1.503643E+00
-2.230000E+00,+1.757286E+00,+1.487563E+00
-2.225000E+00,+1.628643E+00,+1.407161E+00
-2.220000E+00,+1.508040E+00,+1.399121E+00
-2.215000E+00,+1.411558E+00,+1.326759E+00
-2.210000E+00,+1.282915E+00,+1.286558E+00
-2.205000E+00,+1.154271E+00,+1.214196E+00
-2.200000E+00,+1.065829E+00,+1.125754E+00
-2.195000E+00,+1.009548E+00,+1.077512E+00
-2.190000E+00,+961.307E-03,+1.021231E+00
-2.185000E+00,+905.025E-03,+940.829E-03
-2.180000E+00,+840.704E-03,+884.548E-03
-2.175000E+00,+824.623E-03,+884.548E-03
-2.170000E+00,+752.261E-03,+796.105E-03
-2.165000E+00,+744.221E-03,+804.146E-03
-2.160000E+00,+704.020E-03,+804.146E-03
-2.155000E+00,+679.899E-03,+796.105E-03
-2.150000E+00,+784.422E-03,+763.945E-03
-2.145000E+00,+784.422E-03,+804.146E-03
-2.140000E+00,+760.301E-03,+844.347E-03
-2.135000E+00,+792.462E-03,+860.427E-03
-2.130000E+00,+824.623E-03,+884.548E-03
-2.125000E+00,+905.025E-03,+924.749E-03
-2.120000E+00,+945.226E-03,+972.990E-03
-2.115000E+00,+945.226E-03,+1.021231E+00
-2.110000E+00,+1.001508E+00,+1.045352E+00
-2.105000E+00,+1.057789E+00,+1.117713E+00
-2.100000E+00,+1.186432E+00,+1.165955E+00
-2.095000E+00,+1.266834E+00,+1.254397E+00
-2.090000E+00,+1.363317E+00,+1.302638E+00
-2.085000E+00,+1.475879E+00,+1.366960E+00
-2.080000E+00,+1.572362E+00,+1.407161E+00
-2.075000E+00,+1.709045E+00,+1.487563E+00
-2.070000E+00,+1.805528E+00,+1.495603E+00
-2.065000E+00,+1.926131E+00,+1.543844E+00
-2.060000E+00,+2.046734E+00,+1.600126E+00
-2.055000E+00,+2.159296E+00,+1.608166E+00
-2.050000E+00,+2.191457E+00,+1.608166E+00
-2.045000E+00,+2.231658E+00,+1.640327E+00
-2.040000E+00,+2.263819E+00,+1.608166E+00
-2.035000E+00,+2.320100E+00,+1.632286E+00
-2.030000E+00,+2.384422E+00,+1.648367E+00
-2.025000E+00,+2.392462E+00,+1.648367E+00
-2.020000E+00,+2.392462E+00,+1.640327E+00
-2.015000E+00,+2.416583E+00,+1.648367E+00
-2.010000E+00,+2.352261E+00,+1.608166E+00
-2.005000E+00,+2.320100E+00,+1.640327E+00
-2.000000E+00,+2.312060E+00,+1.608166E+00
-1.995000E+00,+2.263819E+00,+1.680528E+00
-1.990000E+00,+2.231658E+00,+1.648367E+00
-1.985000E+00,+2.167337E+00,+1.648367E+00
-1.980000E+00,+2.135176E+00,+1.616206E+00
-1.975000E+00,+2.070854E+00,+1.608166E+00
-1.970000E+00,+2.014573E+00,+1.567965E+00
-1.965000E+00,+1.869849E+00,+1.511683E+00
-1.960000E+00,+1.765327E+00,+1.511683E+00
-1.955000E+00,+1.692965E+00,+1.447362E+00
-1.950000E+00,+1.548241E+00,+1.366960E+00
-1.945000E+00,+1.395477E+00,+1.326759E+00
-1.940000E+00,+1.307035E+00,+1.270477E+00
-1.935000E+00,+1.194472E+00,+1.222236E+00
-1.930000E+00,+1.138191E+00,+1.165955E+00
-1.925000E+00,+1.065829E+00,+1.085553E+00
-1.920000E+00,+985.427E-03,+1.013191E+00
-1.915000E+00,+945.226E-03,+989.070E-03
-1.910000E+00,+856.784E-03,+924.749E-03
-1.905000E+00,+856.784E-03,+892.588E-03
-1.900000E+00,+784.422E-03,+844.347E-03
-1.895000E+00,+784.422E-03,+812.186E-03
-1.890000E+00,+768.342E-03,+804.146E-03
-1.885000E+00,+792.462E-03,+804.146E-03
-1.880000E+00,+784.422E-03,+844.347E-03
-1.875000E+00,+824.623E-03,+884.548E-03
-1.870000E+00,+824.623E-03,+884.548E-03
-1.865000E+00,+864.824E-03,+940.829E-03
-1.860000E+00,+905.025E-03,+964.950E-03
-1.855000E+00,+905.025E-03,+972.990E-03
-1.850000E+00,+945.226E-03,+1.085553E+00
-1.845000E+00,+1.025628E+00,+1.117713E+00
-1.840000E+00,+1.114070E+00,+1.165955E+00
-1.835000E+00,+1.170352E+00,+1.190075E+00
-1.830000E+00,+1.274874E+00,+1.254397E+00
-1.825000E+00,+1.427638E+00,+1.326759E+00
-1.820000E+00,+1.516080E+00,+1.407161E+00
-1.815000E+00,+1.628643E+00,+1.431281E+00
-1.810000E+00,+1.709045E+00,+1.487563E+00
-1.805000E+00,+1.829648E+00,+1.519724E+00
-1.800000E+00,+1.950251E+00,+1.567965E+00
-1.795000E+00,+2.111055E+00,+1.616206E+00
-1.790000E+00,+2.151256E+00,+1.632286E+00
-1.785000E+00,+2.207538E+00,+1.624246E+00
-1.780000E+00,+2.271859E+00,+1.608166E+00
-1.775000E+00,+2.352261E+00,+1.648367E+00
-1.770000E+00,+2.392462E+00,+1.624246E+00
-1.765000E+00,+2.424623E+00,+1.624246E+00
-1.760000E+00,+2.472864E+00,+1.648367E+00
-1.755000E+00,+2.464824E+00,+1.648367E+00
-1.750000E+00,+2.432663E+00,+1.608166E+00
-1.745000E+00,+2.472864E+00,+1.624246E+00
-1.740000E+00,+2.456784E+00,+1.624246E+00
-1.735000E+00,+2.392462E+00,+1.608166E+00
-1.730000E+00,+2.320100E+00,+1.648367E+00
-1.725000E+00,+2.312060E+00,+1.648367E+00
-1.720000E+00,+2.223618E+00,+1.608166E+00
-1.715000E+00,+2.207538E+00,+1.648367E+00
-1.710000E+00,+2.191457E+00,+1.624246E+00
-1.705000E+00,+2.086935E+00,+1.616206E+00
-1.700000E+00,+2.030653E+00,+1.567965E+00
-1.695000E+00,+1.861809E+00,+1.527764E+00
-1.690000E+00,+1.781407E+00,+1.511683E+00
-1.685000E+00,+1.612563E+00,+1.447362E+00
-1.680000E+00,+1.524121E+00,+1.407161E+00
-1.675000E+00,+1.387437E+00,+1.326759E+00
-1.670000E+00,+1.266834E+00,+1.270477E+00
-1.665000E+00,+1.186432E+00,+1.206156E+00
-1.660000E+00,+1.065829E+00,+1.125754E+00
-1.655000E+00,+993.467E-03,+1.085553E+00
-1.650000E+00,+985.427E-03,+1.005151E+00
-1.645000E+00,+937.186E-03,+924.749E-03
-1.640000E+00,+864.824E-03,+900.628E-03
-1.635000E+00,+784.422E-03,+884.548E-03
-1.630000E+00,+776.382E-03,+852.387E-03
-1.625000E+00,+744.221E-03,+804.146E-03
-1.620000E+00,+744.221E-03,+804.146E-03
-1.615000E+00,+760.301E-03,+804.146E-03
-1.610000E+00,+744.221E-03,+804.146E-03
-1.605000E+00,+744.221E-03,+844.347E-03
-1.600000E+00,+784.422E-03,+844.347E-03
-1.595000E+00,+824.623E-03,+932.789E-03
-1.590000E+00,+864.824E-03,+924.749E-03
-1.585000E+00,+905.025E-03,+948.869E-03
-1.580000E+00,+969.347E-03,+997.110E-03
-1.575000E+00,+1.025628E+00,+1.045352E+00
-1.570000E+00,+1.106030E+00,+1.125754E+00
-1.565000E+00,+1.122111E+00,+1.182035E+00
-1.560000E+00,+1.226633E+00,+1.230276E+00
-1.555000E+00,+1.363317E+00,+1.318719E+00
-1.550000E+00,+1.467839E+00,+1.366960E+00
-1.545000E+00,+1.548241E+00,+1.407161E+00
-1.540000E+00,+1.684925E+00,+1.463442E+00
-1.535000E+00,+1.773367E+00,+1.495603E+00
-1.530000E+00,+1.869849E+00,+1.567965E+00
-1.525000E+00,+2.030653E+00,+1.608166E+00
-1.520000E+00,+2.111055E+00,+1.648367E+00
-1.515000E+00,+2.167337E+00,+1.648367E+00
-1.510000E+00,+2.215578E+00,+1.640327E+00
-1.505000E+00,+2.263819E+00,+1.608166E+00
-1.500000E+00,+2.312060E+00,+1.648367E+00
-1.495000E+00,+2.320100E+00,+1.640327E+00
-1.490000E+00,+2.376382E+00,+1.624246E+00
-1.485000E+00,+2.432663E+00,+1.640327E+00
-1.480000E+00,+2.360301E+00,+1.616206E+00
-1.475000E+00,+2.352261E+00,+1.648367E+00
-1.470000E+00,+2.352261E+00,+1.640327E+00
-1.465000E+00,+2.271859E+00,+1.608166E+00
-1.460000E+00,+2.271859E+00,+1.648367E+00
-1.455000E+00,+2.231658E+00,+1.608166E+00
-1.450000E+00,+2.231658E+00,+1.648367E+00
-1.445000E+00,+2.183417E+00,+1.680528E+00
-1.440000E+00,+2.094975E+00,+1.632286E+00
-1.435000E+00,+1.982412E+00,+1.592085E+00
-1.430000E+00,+1.885930E+00,+1.527764E+00
-1.425000E+00,+1.789447E+00,+1.487563E+00
-1.420000E+00,+1.701005E+00,+1.479523E+00
-1.415000E+00,+1.588442E+00,+1.431281E+00
-1.410000E+00,+1.483920E+00,+1.391080E+00
-1.405000E+00,+1.387437E+00,+1.326759E+00
-1.400000E+00,+1.226633E+00,+1.246357E+00
-1.395000E+00,+1.146231E+00,+1.173995E+00
-1.390000E+00,+1.106030E+00,+1.149874E+00
-1.385000E+00,+1.049749E+00,+1.101633E+00
-1.380000E+00,+1.017588E+00,+1.013191E+00
-1.375000E+00,+905.025E-03,+964.950E-03
-1.370000E+00,+905.025E-03,+956.909E-03
-1.365000E+00,+864.824E-03,+924.749E-03
-1.360000E+00,+864.824E-03,+900.628E-03
-1.355000E+00,+792.462E-03,+916.708E-03
-1.350000E+00,+784.422E-03,+884.548E-03
-1.345000E+00,+824.623E-03,+860.427E-03
-1.340000E+00,+848.744E-03,+860.427E-03
-1.335000E+00,+864.824E-03,+908.668E-03
-1.330000E+00,+864.824E-03,+924.749E-03
-1.325000E+00,+905.025E-03,+1.005151E+00
-1.320000E+00,+985.427E-03,+1.005151E+00
-1.315000E+00,+985.427E-03,+1.021231E+00
-1.310000E+00,+1.049749E+00,+1.109673E+00
-1.305000E+00,+1.138191E+00,+1.157914E+00
-1.300000E+00,+1.146231E+00,+1.206156E+00
-1.295000E+00,+1.266834E+00,+1.254397E+00
-1.290000E+00,+1.347236E+00,+1.262437E+00
-1.285000E+00,+1.387437E+00,+1.350879E+00
-1.280000E+00,+1.540201E+00,+1.366960E+00
-1.275000E+00,+1.628643E+00,+1.407161E+00
-1.270000E+00,+1.765327E+00,+1.487563E+00
-1.265000E+00,+1.853769E+00,+1.527764E+00
-1.260000E+00,+1.998492E+00,+1.592085E+00
-1.255000E+00,+2.094975E+00,+1.608166E+00
-1.250000E+00,+2.111055E+00,+1.648367E+00
-1.245000E+00,+2.183417E+00,+1.608166E+00
-1.240000E+00,+2.247739E+00,+1.608166E+00
-1.235000E+00,+2.271859E+00,+1.624246E+00
-1.230000E+00,+2.344221E+00,+1.648367E+00
-1.225000E+00,+2.312060E+00,+1.648367E+00
-1.220000E+00,+2.376382E+00,+1.608166E+00
-1.215000E+00,+2.376382E+00,+1.632286E+00
-1.210000E+00,+2.392462E+00,+1.648367E+00
-1.205000E+00,+2.360301E+00,+1.648367E+00
-1.200000E+00,+2.352261E+00,+1.648367E+00
-1.195000E+00,+2.271859E+00,+1.648367E+00
-1.190000E+00,+2.255779E+00,+1.632286E+00
-1.185000E+00,+2.247739E+00,+1.624246E+00
-1.180000E+00,+2.183417E+00,+1.648367E+00
-1.175000E+00,+2.151256E+00,+1.648367E+00
-1.170000E+00,+2.070854E+00,+1.608166E+00
-1.165000E+00,+2.014573E+00,+1.567965E+00
-1.160000E+00,+1.902010E+00,+1.527764E+00
-1.155000E+00,+1.749246E+00,+1.487563E+00
-1.150000E+00,+1.628643E+00,+1.447362E+00
-1.145000E+00,+1.564322E+00,+1.375000E+00
-1.140000E+00,+1.419598E+00,+1.326759E+00
-1.135000E+00,+1.282915E+00,+1.246357E+00
-1.130000E+00,+1.162312E+00,+1.238317E+00
-1.125000E+00,+1.106030E+00,+1.165955E+00
-1.120000E+00,+993.467E-03,+1.069472E+00
-1.115000E+00,+953.266E-03,+1.005151E+00
-1.110000E+00,+864.824E-03,+964.950E-03
-1.105000E+00,+824.623E-03,+924.749E-03
-1.100000E+00,+744.221E-03,+804.146E-03
-1.095000E+00,+744.221E-03,+804.146E-03
-1.090000E+00,+687.940E-03,+788.065E-03
-1.085000E+00,+695.980E-03,+739.824E-03
-1.080000E+00,+704.020E-03,+763.945E-03
-1.075000E+00,+704.020E-03,+723.744E-03
-1.070000E+00,+752.261E-03,+731.784E-03
-1.065000E+00,+792.462E-03,+820.226E-03
-1.060000E+00,+792.462E-03,+844.347E-03
-1.055000E+00,+784.422E-03,+916.708E-03
-1.050000E+00,+905.025E-03,+924.749E-03
-1.045000E+00,+905.025E-03,+932.789E-03
-1.040000E+00,+921.106E-03,+1.021231E+00
-1.035000E+00,+1.033668E+00,+1.093593E+00
-1.030000E+00,+1.073869E+00,+1.157914E+00
-1.025000E+00,+1.226633E+00,+1.165955E+00
-1.020000E+00,+1.274874E+00,+1.214196E+00
-1.015000E+00,+1.323116E+00,+1.302638E+00
-1.010000E+00,+1.508040E+00,+1.326759E+00
-1.005000E+00,+1.580402E+00,+1.439322E+00
-1.000000E+00,+1.668844E+00,+1.487563E+00
-995.000E-03,+1.829648E+00,+1.495603E+00
-990.000E-03,+1.966332E+00,+1.543844E+00
-985.000E-03,+2.078894E+00,+1.608166E+00
-980.000E-03,+2.159296E+00,+1.608166E+00
-975.000E-03,+2.231658E+00,+1.608166E+00
-970.000E-03,+2.239698E+00,+1.640327E+00
-965.000E-03,+2.271859E+00,+1.664447E+00
-960.000E-03,+2.352261E+00,+1.648367E+00
-955.000E-03,+2.384422E+00,+1.608166E+00
-950.000E-03,+2.432663E+00,+1.608166E+00
-945.000E-03,+2.432663E+00,+1.648367E+00
-940.000E-03,+2.432663E+00,+1.624246E+00
-935.000E-03,+2.392462E+00,+1.608166E+00
-930.000E-03,+2.320100E+00,+1.648367E+00
-925.000E-03,+2.312060E+00,+1.648367E+00
-920.000E-03,+2.263819E+00,+1.608166E+00
-915.000E-03,+2.215578E+00,+1.648367E+00
-910.000E-03,+2.207538E+00,+1.648367E+00
-905.000E-03,+2.119095E+00,+1.608166E+00
-900.000E-03,+2.070854E+00,+1.608166E+00
-895.000E-03,+1.982412E+00,+1.567965E+00
-890.000E-03,+1.853769E+00,+1.527764E+00
-885.000E-03,+1.684925E+00,+1.463442E+00
-880.000E-03,+1.620603E+00,+1.407161E+00
-875.000E-03,+1.508040E+00,+1.366960E+00
-870.000E-03,+1.379397E+00,+1.286558E+00
-865.000E-03,+1.210553E+00,+1.238317E+00
-860.000E-03,+1.138191E+00,+1.141834E+00
-855.000E-03,+1.065829E+00,+1.133794E+00
-850.000E-03,+945.226E-03,+1.045352E+00
-845.000E-03,+896.985E-03,+964.950E-03
-840.000E-03,+864.824E-03,+924.749E-03
-835.000E-03,+784.422E-03,+884.548E-03
-830.000E-03,+784.422E-03,+812.186E-03
-825.000E-03,+704.020E-03,+804.146E-03
-820.000E-03,+776.382E-03,+796.105E-03
-815.000E-03,+728.141E-03,+739.824E-03
-810.000E-03,+744.221E-03,+780.025E-03
-805.000E-03,+752.261E-03,+804.146E-03
-800.000E-03,+744.221E-03,+844.347E-03
-795.000E-03,+816.583E-03,+876.507E-03
-790.000E-03,+880.905E-03,+884.548E-03
-785.000E-03,+888.945E-03,+964.950E-03
-780.000E-03,+913.065E-03,+964.950E-03
-775.000E-03,+985.427E-03,+1.005151E+00
-770.000E-03,+1.033668E+00,+1.085553E+00
-765.000E-03,+1.097990E+00,+1.165955E+00
-760.000E-03,+1.170352E+00,+1.173995E+00
-755.000E-03,+1.266834E+00,+1.278518E+00
-750.000E-03,+1.387437E+00,+1.326759E+00
-745.000E-03,+1.500000E+00,+1.366960E+00
-740.000E-03,+1.604523E+00,+1.447362E+00
-735.000E-03,+1.749246E+00,+1.487563E+00
-730.000E-03,+1.861809E+00,+1.519724E+00
-725.000E-03,+1.950251E+00,+1.567965E+00
-720.000E-03,+2.119095E+00,+1.640327E+00
-715.000E-03,+2.199497E+00,+1.632286E+00
-710.000E-03,+2.223618E+00,+1.648367E+00
-705.000E-03,+2.263819E+00,+1.616206E+00
-700.000E-03,+2.352261E+00,+1.648367E+00
-695.000E-03,+2.360301E+00,+1.608166E+00
-690.000E-03,+2.416583E+00,+1.632286E+00
-685.000E-03,+2.456784E+00,+1.608166E+00
-680.000E-03,+2.464824E+00,+1.648367E+00
-675.000E-03,+2.472864E+00,+1.648367E+00
-670.000E-03,+2.464824E+00,+1.640327E+00
-665.000E-03,+2.432663E+00,+1.624246E+00
-660.000E-03,+2.408543E+00,+1.632286E+00
-655.000E-03,+2.384422E+00,+1.616206E+00
-650.000E-03,+2.271859E+00,+1.608166E+00
-645.000E-03,+2.239698E+00,+1.616206E+00
-640.000E-03,+2.231658E+00,+1.632286E+00
-635.000E-03,+2.191457E+00,+1.608166E+00
-630.000E-03,+2.119095E+00,+1.608166E+00
-625.000E-03,+2.070854E+00,+1.567965E+00
-620.000E-03,+1.942211E+00,+1.576005E+00
-615.000E-03,+1.837688E+00,+1.487563E+00
-610.000E-03,+1.725126E+00,+1.463442E+00
-605.000E-03,+1.596482E+00,+1.383040E+00
-600.000E-03,+1.467839E+00,+1.366960E+00
-595.000E-03,+1.339196E+00,+1.262437E+00
-590.000E-03,+1.226633E+00,+1.246357E+00
-585.000E-03,+1.162312E+00,+1.165955E+00
-580.000E-03,+1.041709E+00,+1.093593E+00
-575.000E-03,+945.226E-03,+1.005151E+00
-570.000E-03,+905.025E-03,+956.909E-03
-565.000E-03,+888.945E-03,+924.749E-03
-560.000E-03,+800.503E-03,+876.507E-03
-555.000E-03,+776.382E-03,+844.347E-03
-550.000E-03,+663.819E-03,+804.146E-03
-545.000E-03,+671.859E-03,+763.945E-03
-540.000E-03,+679.899E-03,+763.945E-03
-535.000E-03,+679.899E-03,+723.744E-03
-530.000E-03,+704.020E-03,+763.945E-03
-525.000E-03,+663.819E-03,+763.945E-03
-520.000E-03,+712.060E-03,+804.146E-03
-515.000E-03,+760.301E-03,+844.347E-03
-510.000E-03,+824.623E-03,+844.347E-03
-505.000E-03,+824.623E-03,+956.909E-03
-500.000E-03,+905.025E-03,+964.950E-03
-495.000E-03,+945.226E-03,+1.005151E+00
-490.000E-03,+985.427E-03,+1.061432E+00
-485.000E-03,+1.089950E+00,+1.109673E+00
-480.000E-03,+1.178392E+00,+1.190075E+00
-475.000E-03,+1.226633E+00,+1.206156E+00
-470.000E-03,+1.347236E+00,+1.286558E+00
-465.000E-03,+1.508040E+00,+1.366960E+00
-460.000E-03,+1.612563E+00,+1.407161E+00
-455.000E-03,+1.741206E+00,+1.439322E+00
-450.000E-03,+1.829648E+00,+1.527764E+00
-445.000E-03,+1.974372E+00,+1.535804E+00
-440.000E-03,+2.111055E+00,+1.567965E+00
-435.000E-03,+2.135176E+00,+1.648367E+00
-430.000E-03,+2.199497E+00,+1.640327E+00
-425.000E-03,+2.271859E+00,+1.648367E+00
-420.000E-03,+2.312060E+00,+1.640327E+00
-415.000E-03,+2.392462E+00,+1.648367E+00
-410.000E-03,+2.408543E+00,+1.648367E+00
-405.000E-03,+2.432663E+00,+1.680528E+00
-400.000E-03,+2.432663E+00,+1.608166E+00
-395.000E-03,+2.432663E+00,+1.640327E+00
-390.000E-03,+2.416583E+00,+1.648367E+00
-385.000E-03,+2.416583E+00,+1.656407E+00
-380.000E-03,+2.360301E+00,+1.648367E+00
-375.000E-03,+2.312060E+00,+1.648367E+00
-370.000E-03,+2.263819E+00,+1.648367E+00
-365.000E-03,+2.215578E+00,+1.632286E+00
-360.000E-03,+2.191457E+00,+1.624246E+00
-355.000E-03,+2.159296E+00,+1.648367E+00
-350.000E-03,+2.030653E+00,+1.567965E+00
-345.000E-03,+1.934171E+00,+1.495603E+00
-340.000E-03,+1.813568E+00,+1.487563E+00
-335.000E-03,+1.684925E+00,+1.439322E+00
-330.000E-03,+1.564322E+00,+1.415201E+00
-325.000E-03,+1.427638E+00,+1.366960E+00
-320.000E-03,+1.347236E+00,+1.254397E+00
-315.000E-03,+1.226633E+00,+1.206156E+00
-310.000E-03,+1.106030E+00,+1.141834E+00
-305.000E-03,+1.065829E+00,+1.053392E+00
-300.000E-03,+945.226E-03,+1.005151E+00
-295.000E-03,+905.025E-03,+956.909E-03
-290.000E-03,+880.905E-03,+908.668E-03
-285.000E-03,+840.704E-03,+884.548E-03
-280.000E-03,+824.623E-03,+804.146E-03
-275.000E-03,+744.221E-03,+763.945E-03
-270.000E-03,+736.181E-03,+796.105E-03
-265.000E-03,+704.020E-03,+788.065E-03
-260.000E-03,+720.100E-03,+804.146E-03
-255.000E-03,+768.342E-03,+804.146E-03
-250.000E-03,+784.422E-03,+844.347E-03
-245.000E-03,+792.462E-03,+852.387E-03
-240.000E-03,+848.744E-03,+900.628E-03
-235.000E-03,+864.824E-03,+948.869E-03
-230.000E-03,+905.025E-03,+964.950E-03
-225.000E-03,+945.226E-03,+1.005151E+00
-220.000E-03,+1.065829E+00,+1.053392E+00
-215.000E-03,+1.122111E+00,+1.125754E+00
-210.000E-03,+1.210553E+00,+1.214196E+00
-205.000E-03,+1.331156E+00,+1.238317E+00
-200.000E-03,+1.387437E+00,+1.366960E+00
-195.000E-03,+1.524121E+00,+1.366960E+00
-190.000E-03,+1.668844E+00,+1.423241E+00
-185.000E-03,+1.797487E+00,+1.447362E+00
-180.000E-03,+1.893970E+00,+1.527764E+00
-175.000E-03,+1.950251E+00,+1.567965E+00
-170.000E-03,+2.119095E+00,+1.608166E+00
-165.000E-03,+2.191457E+00,+1.600126E+00
-160.000E-03,+2.215578E+00,+1.624246E+00
-155.000E-03,+2.231658E+00,+1.616206E+00
-150.000E-03,+2.312060E+00,+1.608166E+00
-145.000E-03,+2.384422E+00,+1.648367E+00
-140.000E-03,+2.352261E+00,+1.648367E+00
-135.000E-03,+2.416583E+00,+1.640327E+00
-130.000E-03,+2.440703E+00,+1.632286E+00
-125.000E-03,+2.432663E+00,+1.648367E+00
-120.000E-03,+2.352261E+00,+1.616206E+00
-115.000E-03,+2.352261E+00,+1.648367E+00
-110.000E-03,+2.304020E+00,+1.632286E+00
-105.000E-03,+2.239698E+00,+1.616206E+00
-100.000E-03,+2.191457E+00,+1.648367E+00
-95.000E-03,+2.191457E+00,+1.640327E+00
-90.000E-03,+2.111055E+00,+1.608166E+00
-85.000E-03,+2.046734E+00,+1.584045E+00
-80.000E-03,+1.918090E+00,+1.503643E+00
-75.000E-03,+1.829648E+00,+1.527764E+00
-70.000E-03,+1.709045E+00,+1.447362E+00
-65.000E-03,+1.588442E+00,+1.407161E+00
-60.000E-03,+1.459799E+00,+1.366960E+00
-55.000E-03,+1.347236E+00,+1.286558E+00
-50.000E-03,+1.226633E+00,+1.206156E+00
-45.000E-03,+1.097990E+00,+1.157914E+00
-40.000E-03,+1.001508E+00,+1.085553E+00
-35.000E-03,+896.985E-03,+1.021231E+00
-30.000E-03,+905.025E-03,+1.005151E+00
-25.000E-03,+864.824E-03,+924.749E-03
-20.000E-03,+760.301E-03,+844.347E-03
-15.000E-03,+768.342E-03,+804.146E-03
-10.000E-03,+728.141E-03,+804.146E-03
-5.000E-03,+704.020E-03,+763.945E-03
